# WaveFront *.obj file (generated by Cinema 4D)

mtllib ./CabinetKey.mtl

v 100.400066 1664.549828 701.300049
v -0.000095 1664.549828 462.400055
v -99.599934 1664.549828 701.300049
v -45.300007 1664.549828 460.199928
v -0.000095 1666.349983 462.400055
v -45.300007 1666.349983 460.199928
v 160.800076 -1666.349983 975.900078
v -175.599766 -1666.349983 880.100060
v 174.800014 -1666.349983 880.100060
v 152.400112 -1666.349983 1072.299957
v -153.199863 -1666.349983 1072.299957
v -301.980686 -1666.349983 462.400055
v 305.180836 -1666.349983 462.400055
v -300.700092 -1666.349983 465.500069
v 249.600124 -1666.349983 600.000000
v -250.399876 -1666.349983 600.000000
v -220.099735 -1666.349983 691.900063
v -117.400074 264.050102 -465.400028
v -99.599934 246.591377 -475.836182
v -169.999790 248.450089 -466.100025
v -99.599934 229.583931 -484.132195
v -99.599934 232.489586 -482.455540
v 100.400066 234.723854 485.644531
v 100.400066 233.172798 486.741257
v 183.800030 225.049973 486.499977
v 100.400066 225.538445 490.722275
v 100.400066 269.567871 467.232132
v 100.400066 255.060768 474.898148
v 116.599941 270.949936 465.399933
v 327.000141 583.650017 -327.099991
v 308.900166 583.650017 -347.200012
v 303.448963 583.650017 -348.478317
v 293.400097 583.650017 -357.600021
v 277.013302 583.650017 -369.799995
v 268.100071 583.650017 -379.600048
v 100.400066 239.734650 482.101250
v 169.100094 255.249977 466.200066
v -228.099918 238.750076 -465.799999
v -207.999897 272.550011 -445.899963
v 174.800014 207.450104 503.599930
v 100.400066 205.476952 506.325531
v 100.400066 203.445625 507.905388
v 100.400066 206.646919 505.415535
v 100.400066 203.315163 508.006859
v 100.400066 203.390503 507.948303
v 100.400066 217.577362 494.873810
v -134.599781 211.249924 -494.999981
v -175.599766 200.550079 -503.600025
v -317.699909 286.849976 421.800041
v -304.799747 252.849960 454.899979
v -266.399860 261.650085 448.800087
v -304.599857 245.849991 -455.000019
v -134.100056 212.549973 499.900055
v 100.400066 282.389259 464.540482
v 100.400066 275.867462 465.715408
v -216.999912 14.050102 -703.600025
v -99.599934 22.655106 -694.359493
v -99.599934 18.607140 -698.700047
v -161.599827 -1666.349983 975.900078
v -150.399876 -1666.349983 1169.000053
v -250.399876 110.650063 -600.000000
v -99.599934 112.260818 -598.237991
v -99.599934 176.849937 -528.975582
v -99.599934 155.287933 -552.089596
v 100.400066 164.763069 549.366570
v 249.600124 117.550087 600.000000
v 100.400066 75.355721 645.233917
v -99.599934 282.010841 -462.600040
v -99.599934 296.481133 -458.252621
v -99.599934 301.650238 -457.762909
v -99.599934 304.702568 -457.473755
v 100.400066 23.080063 701.300049
v 216.200161 20.949936 703.599930
v -99.599934 298.571777 -458.054543
v -99.599934 266.337585 -466.496754
v -99.599934 266.646385 -466.422367
v -99.599934 228.453636 -484.992790
v -99.599934 179.069328 -526.596546
v -99.599934 194.211006 -511.066246
v -99.599934 218.655205 -491.996002
v -99.599934 222.330093 -489.655495
v -99.599934 199.283409 -506.463814
v -99.599934 189.951134 -514.931583
v 146.700001 -1666.349983 1879.299927
v 138.199902 -1666.349983 1907.400131
v -147.499943 -1666.349983 1879.299927
v 124.299908 -1666.349983 1933.300018
v -139.000034 -1666.349983 1907.400131
v 105.700207 -1666.349983 1956.100082
v 82.900143 -1666.349983 1974.700165
v -0.399876 -1666.349983 2000.000000
v 28.900051 -1666.349983 1997.100067
v -99.599934 210.707474 -497.241592
v -99.599934 206.559372 -499.979401
v -99.599934 262.531281 -467.413139
v 100.400066 318.538475 456.210899
v 100.400066 322.639084 455.266190
v -99.599934 279.249954 -463.429451
v -99.599934 279.944801 -463.220692
v -99.599934 269.453239 -465.746593
v 149.600124 -1666.349983 1850.000000
v -150.399876 -1666.349983 1850.000000
v 57.000256 -1666.349983 1988.600159
v -29.699802 -1666.349983 1997.100067
v -57.800007 -1666.349983 1988.600159
v -83.699894 -1666.349983 1974.700165
v -106.499958 -1666.349983 1956.100082
v -125.100040 -1666.349983 1933.300018
v -99.599934 275.500679 -464.555836
v 68.699932 23.076057 701.300049
v -206.899738 -11.549950 738.400078
v -99.599934 224.913597 -487.688351
v -99.599934 222.879219 -489.237309
v 195.000172 331.450081 -193.599987
v 195.000172 1666.349983 -193.599987
v 175.000095 331.450081 -211.800003
v 174.800014 -150.549984 -880.100012
v 163.800144 -217.449951 -951.900005
v -175.599766 -150.549984 -880.100012
v -99.599934 285.165977 464.275932
v -99.599934 293.211555 462.400055
v -115.300083 270.350075 465.900040
v -99.599934 246.204376 483.270073
v -99.599934 226.872063 491.625023
v -99.599934 265.669632 470.968628
v 105.700207 -1666.349983 -1956.100011
v 124.299908 -1666.349983 -1933.299994
v -150.399876 -1666.349983 -1850.000000
v 138.199902 -1666.349983 -1907.400012
v 149.600124 -1666.349983 -1850.000000
v 152.400112 -1666.349983 -1072.300005
v -151.799870 -1666.349983 -1120.599985
v -106.499958 -1666.349983 -1956.100011
v -125.100040 -1666.349983 -1933.299994
v -99.599934 192.766190 519.293976
v -99.599934 209.885025 503.105164
v -99.599934 192.514610 519.516563
v -99.599934 214.861870 499.741745
v -99.599934 213.819122 500.446510
v 174.800014 -1666.349983 -880.100012
v -99.599934 267.327881 469.920731
v -99.599934 279.249954 465.655136
v -99.599934 271.053505 467.566299
v -99.599934 192.394066 519.645882
v -166.399860 254.150009 467.300034
v 317.199993 280.550003 -421.199989
v 273.700047 318.650055 -406.299973
v 329.400158 318.250084 -390.499973
v 100.400066 583.650017 453.118896
v 101.200008 583.650017 453.000069
v 100.400066 583.650017 450.955772
v 100.400066 579.429626 453.149223
v 100.400066 574.046135 453.189087
v -99.599934 50.013351 672.395134
v -99.599934 23.056221 701.300049
v 288.100147 371.850014 -378.800011
v 301.800060 351.950073 -380.599976
v 100.400066 583.650017 -451.155758
v 100.400066 1664.549828 -451.155758
v 134.300137 583.650017 -442.700005
v -99.599934 190.554810 521.618271
v -238.799763 85.449982 634.399986
v -99.599934 191.563988 520.536232
v -269.999790 256.450081 -447.000027
v 106.637478 583.650017 449.399948
v 149.600124 -675.249958 -1499.900007
v -150.399876 -675.249958 -1499.900007
v 149.600124 -649.349976 -1447.300005
v -139.000034 -1666.349983 -1907.400012
v -147.499943 -1666.349983 -1879.299998
v -83.699894 -1666.349983 -1974.699998
v -57.800007 -1666.349983 -1988.600016
v -29.699802 -1666.349983 -1997.099996
v -0.399876 -1666.349983 -2000.000000
v 28.900051 -1666.349983 -1997.099996
v 57.000256 -1666.349983 -1988.600016
v 82.900143 -1666.349983 -1974.699998
v -150.399876 -649.349976 -1447.300005
v -150.399876 -619.149971 -1397.000003
v 149.600124 -619.149971 -1397.000003
v -150.399876 -584.850025 -1349.500012
v 149.600124 -584.850025 -1349.500012
v 149.600124 -546.749973 -1304.900002
v -195.099735 -1666.349983 -785.400009
v -175.599766 -1666.349983 -880.100012
v 194.300175 -1666.349983 -785.400009
v 160.800076 -1666.349983 -975.899982
v -161.599827 -1666.349983 -975.899982
v 384.600163 1666.349983 -257.100010
v 365.906620 583.650017 -282.208633
v 357.500172 1666.349983 -293.500042
v 149.600124 -696.650028 -1554.400006
v 293.400097 1666.349983 -357.600021
v 257.000065 1666.349983 -384.700012
v 146.700001 -1666.349983 -1879.299998
v 447.000027 -1666.349983 82.399940
v 426.400089 -1666.349983 162.299919
v -410.399723 -1666.349983 200.000000
v 450.100040 -1666.349983 20.599937
v -439.999866 -1666.349983 101.899910
v 446.900082 -1666.349983 -51.200008
v -447.699833 -1666.349983 51.199913
v 439.200115 -1666.349983 -101.900005
v -450.899982 -1666.349983 -20.600033
v 426.800060 -1666.349983 -151.700020
v 219.300175 -1666.349983 -691.899967
v -220.099735 -1666.349983 -691.899967
v 274.700069 -1666.349983 -532.699966
v 409.600163 -1666.349983 -200.000000
v -427.200031 -1666.349983 -162.300014
v -250.399876 -1666.349983 -600.000000
v -99.599934 338.437462 454.380035
v -99.599934 330.628395 454.933548
v -84.528828 23.056984 701.300049
v -198.700047 286.849976 444.400024
v 268.700123 263.050079 447.299957
v 303.800106 252.750015 454.999924
v 316.900158 287.150002 421.500015
v 213.100147 1666.349983 -173.600006
v 219.300175 -1666.349983 691.900063
v 229.200077 1666.349983 -151.900005
v 229.200077 331.450081 -151.900005
v 243.100071 331.450081 -128.699970
v 153.500080 -318.550014 -1060.200024
v 254.699993 1666.349983 -104.300022
v 254.699993 331.450081 -104.300022
v 263.800144 1666.349983 -78.900051
v 263.800144 331.450081 -78.900051
v 270.300007 331.450081 -52.700043
v 202.500057 288.750076 442.499924
v 188.900089 317.749977 434.499931
v 274.300098 331.450081 28.000069
v 274.300098 1666.349983 28.000069
v 275.600147 331.450081 1.000023
v 270.300007 331.450081 54.700089
v 281.100178 316.749954 408.300018
v 153.299999 331.450081 -227.799988
v 153.299999 1666.349983 -227.799988
v 130.100155 1666.349983 -241.699982
v -427.599812 -1666.349983 151.700020
v 175.000095 1666.349983 -211.800003
v -447.799778 -1666.349983 -82.400036
v -99.599934 331.601524 -453.509712
v -99.599934 333.194160 -453.275013
v 176.800060 348.450089 432.200050
v 244.900036 296.649933 428.499985
v -99.599934 338.324547 -453.888226
v -99.599934 381.649971 -453.974915
v -99.599934 361.943817 -453.935432
v -109.999943 340.950012 -451.900005
v -244.999790 375.250053 400.399971
v -234.499836 414.649963 401.799965
v -272.599888 406.550026 380.500031
v -288.900089 378.750038 378.899956
v 262.200069 345.450020 401.600075
v 216.600132 348.649979 417.399979
v -108.799839 296.850014 -456.799984
v -139.700031 336.549950 -444.799995
v -189.700031 -84.249973 -809.000015
v 151.200008 -345.450020 1096.400070
v 149.600124 -586.450005 1354.899979
v 237.400150 382.450104 -401.500034
v 271.900082 399.650002 -380.399990
v 149.600124 -656.149960 1442.900085
v -160.699940 -251.149940 -987.900019
v 197.900105 280.050087 -444.400024
v 181.900120 315.749931 -435.299969
v 220.600033 326.849937 -419.900036
v 149.600124 -419.950008 -1169.000006
v -151.999760 -352.250004 -1096.400023
v 194.300175 -1666.349983 785.400009
v 174.800014 -143.750000 880.100060
v -185.399723 315.850067 436.300087
v -160.599995 368.350029 436.499977
v -205.899906 367.950058 418.799973
v 253.700161 270.849991 -438.300037
v 159.800053 368.350029 436.499977
v 100.400066 341.678429 452.594566
v 159.899998 -244.250011 987.899971
v 185.100079 381.850052 426.399994
v -155.000019 285.650063 -451.300049
v -150.399876 -586.450005 1354.899979
v -150.399876 -623.050022 1397.500038
v 149.600124 -710.949993 1540.900040
v -150.399876 -732.250023 1592.900085
v 149.600124 -732.250023 1592.900085
v -150.399876 -670.849991 1466.799927
v 329.100132 324.650002 390.900040
v 315.900135 339.649963 385.300064
v -164.600086 -210.649967 951.899910
v -198.600101 291.250038 -439.099979
v 340.300083 364.349937 363.100052
v -148.199940 301.250076 449.699974
v 390.868282 -1032.455873 246.408272
v 389.938068 -920.244932 247.965240
v -317.899799 281.050110 -420.899963
v -277.100086 282.749939 -426.000023
v -393.254185 -1061.541033 -242.614079
v -57.800007 -1232.349968 -1988.600016
v -99.599934 420.074844 -454.051685
v -99.599934 526.049614 -453.197002
v 206.100178 -18.449974 -738.399982
v -240.499973 299.450111 -425.300026
v -224.400043 328.450012 -418.400002
v -176.299763 344.950104 -431.999969
v -195.099735 -1666.349983 785.400009
v 0.400066 331.450081 -274.199963
v 27.300167 1666.349983 -272.900009
v 0.400066 1666.349983 -274.199963
v -134.699726 356.750107 445.199966
v -175.599766 -143.750000 880.100060
v -139.700031 328.249931 445.800018
v 438.824558 -1641.049984 -103.323555
v 426.703358 -1641.049984 -152.003574
v 409.296322 -1641.049984 -200.698376
v 409.277439 -1641.049984 -200.745487
v -110.344028 583.650017 -448.675442
v -134.299946 583.650017 -442.700005
v -99.599934 1664.549828 -451.355362
v 409.890270 -1641.049984 -199.217415
v -176.999760 1666.349983 -427.400017
v -134.299946 1666.349983 -442.700005
v -176.999760 583.650017 -427.400017
v -217.999744 583.650017 -407.999992
v -293.399906 583.650017 -357.600021
v -293.399906 1666.349983 -357.600021
v -277.013111 583.650017 -369.799995
v 390.256023 -1641.049984 -247.632885
v 409.071064 -1641.049984 -201.230049
v -257.000065 1666.349983 -384.700012
v -274.899769 583.650017 -371.373367
v -326.999760 583.650017 -327.099991
v 409.219646 -1641.049984 -200.879097
v -150.399876 -546.749973 -1304.900002
v -150.399876 -413.049984 1169.000053
v 303.999996 245.949936 -454.899979
v 165.600109 247.349930 -467.300034
v -154.399967 -311.649990 1060.199928
v 439.200115 -1641.049984 -101.900005
v 439.233112 -1641.049984 -101.682663
v 441.252995 -1641.049984 -88.382435
v 439.060688 -1641.049984 -102.460003
v 375.900173 539.150047 277.599907
v 364.400005 471.150017 304.899979
v 385.972691 99.243546 254.602432
v -102.200031 323.649979 454.999924
v -273.600101 331.450081 -26.000023
v -273.600101 1666.349983 -26.000023
v -274.899769 1666.349983 1.000023
v -330.399799 319.350052 -389.700031
v -99.599934 317.456055 456.747246
v -269.600010 331.450081 -52.700043
v -276.299763 319.849968 -405.200005
v 385.687160 267.816162 255.080414
v 385.638714 381.649971 255.161667
v -242.400074 1666.349983 -128.699970
v -253.899860 331.450081 -104.300022
v -242.400074 331.450081 -128.699970
v 385.841274 176.849937 254.822540
v -228.500080 331.450081 -151.900005
v 407.900143 1666.349983 217.900085
v -392.410374 -952.696276 -244.026756
v -99.599934 317.840958 456.657600
v -174.300098 1666.349983 -211.800003
v -174.300098 331.450081 -211.800003
v -152.599812 331.450081 -227.799988
v -99.599934 324.716187 455.352402
v -108.400059 347.349930 452.300072
v -129.399967 1666.349983 -241.699982
v -129.399967 331.450081 -241.699982
v -105.000019 1666.349983 -253.299999
v 149.600124 -825.850010 1850.000000
v -150.399876 -825.850010 1850.000000
v -99.599934 319.088936 456.366539
v -99.599934 322.122955 455.558968
v -53.299809 1666.349983 -268.900013
v -79.499912 1666.349983 -262.399960
v -53.299809 331.450081 -268.900013
v 147.100163 -835.849953 1877.600098
v -147.899723 -835.849953 1877.600098
v -99.599934 323.064995 455.469513
v -99.599934 322.848320 455.490112
v -140.300083 -845.549965 1904.199982
v 139.499950 -845.549965 1904.199982
v -26.599979 1666.349983 -272.900009
v -26.599979 331.450081 -272.900009
v -150.399876 -696.650028 -1554.400006
v 249.600124 110.650063 -600.000000
v 446.900082 -1641.049984 -51.200008
v 448.270512 -1641.049984 -20.450687
v 450.064182 -1641.049984 19.792557
v 450.094509 -1641.049984 20.368385
v 450.093365 -1641.049984 20.450020
v 450.085545 -1641.049984 21.063232
v 449.145603 -1641.049984 39.800072
v -99.599934 413.574219 454.065514
v -99.599934 381.649971 453.894806
v -99.599934 345.477486 453.701210
v -447.617817 -1641.049984 -83.388424
v -447.172642 -1641.049984 -84.909725
v -99.599934 340.718651 454.218483
v -447.712421 -1641.049984 -82.816029
v -427.267551 -1641.049984 -162.114429
v -427.281666 -1641.049984 -162.059212
v -427.291584 -1641.049984 -162.020779
v -427.318287 -1641.049984 -161.917114
v -427.439213 -1641.049984 -161.447620
v -427.584934 -1641.049984 -160.882568
v 127.100277 -854.650021 1929.000092
v -450.875187 -1641.049984 -21.603012
v -447.844791 -1641.049984 -82.013226
v -450.899982 -1641.049984 -20.600033
v -449.773884 -1641.049984 4.667091
v -449.235249 -1641.049984 16.747284
v 110.500240 -862.650013 1951.100159
v -448.207951 -1641.049984 39.800072
v -426.630878 -1641.049984 -163.598537
v -426.477146 -1641.049984 -163.961983
v -426.284122 -1641.049984 -164.422894
v -426.133823 -1641.049984 -164.786911
v -425.966740 -1641.049984 -165.197372
v -425.779819 -1641.049984 -165.659618
v -425.577641 -1641.049984 -166.172695
v -424.682713 -1641.049984 -168.531704
v -397.898960 -1641.049984 -234.839916
v 90.000057 -869.449997 1969.699860
v -127.900028 -854.650021 1929.000092
v 153.299999 331.450081 229.899979
v 130.100155 331.450081 243.799973
v 175.000095 331.450081 213.800049
v 105.700207 331.450081 255.299950
v 195.000172 331.450081 195.700073
v 213.100147 331.450081 175.600052
v 229.200077 331.450081 153.899956
v 243.100071 331.450081 130.800056
v 254.699993 331.450081 106.399918
v 263.800144 331.450081 80.900002
v 80.300045 331.450081 264.399910
v -188.399982 376.449966 -425.300026
v -162.799931 362.549973 -435.700035
v -111.299992 -862.650013 1951.100159
v -78.999805 -872.049999 1977.000046
v 66.499996 -874.749994 1984.299850
v -242.400074 331.450081 130.800056
v -228.500080 331.450081 153.899956
v -253.899860 331.450081 106.399918
v -262.999821 331.450081 80.900002
v -212.399769 331.450081 175.600052
v -269.600010 331.450081 54.700089
v -105.000019 331.450081 255.299950
v 130.100155 331.450081 -241.699982
v -129.399967 331.450081 243.799973
v -194.299793 331.450081 195.700073
v 423.892689 -1641.049984 168.507576
v 395.678616 -1641.049984 238.356590
v 118.754101 583.650017 446.377754
v 134.300137 583.650017 442.499924
v 100.400066 1664.549828 450.955772
v -152.599812 331.450081 229.899979
v -79.499912 331.450081 264.399910
v -174.300098 331.450081 213.800049
v 213.100147 331.450081 -173.600006
v -26.599979 331.450081 274.900055
v 0.400066 331.450081 276.300049
v 27.300167 331.450081 274.900055
v 54.099941 331.450081 270.999908
v -53.299809 331.450081 270.999908
v 446.817875 -1641.049984 83.388329
v 446.372700 -1641.049984 84.909821
v 218.000126 1666.349983 407.799911
v 218.000126 583.650017 407.799911
v 257.000065 583.650017 384.499931
v 446.913624 -1641.049984 82.811356
v 426.467609 -1641.049984 162.114525
v 426.886272 -1641.049984 160.490036
v 293.400097 583.650017 357.399940
v 293.400097 1666.349983 357.399940
v 273.500156 583.650017 372.215652
v 424.981976 -1641.049984 165.656853
v 424.783802 -1641.049984 166.158676
v 327.000141 1666.349983 326.899910
v 327.000141 583.650017 326.899910
v 357.500172 583.650017 293.300056
v 425.163746 -1641.049984 165.204811
v 425.474644 -1641.049984 164.445114
v 425.327396 -1641.049984 164.801788
v 425.666332 -1641.049984 163.987923
v 425.820827 -1641.049984 163.622665
v 100.400066 348.983955 452.541542
v 100.400066 346.969032 452.535820
v 447.020245 -1641.049984 82.168388
v 103.299999 324.150085 454.599953
v 442.600155 -1641.049984 134.199905
v 453.600025 1666.349983 90.099907
v 442.600155 1666.349983 134.199905
v -447.699833 -1641.049984 51.199913
v -391.958714 -1641.049984 244.582939
v -409.862232 -1641.049984 201.252174
v -27.800083 -879.349995 1996.799850
v -410.011768 -1641.049984 200.897980
v -410.263920 -1641.049984 200.312614
v -440.033054 -1641.049984 101.682663
v -439.999866 -1641.049984 101.899910
v 270.300007 1666.349983 54.700089
v -410.690022 -1641.049984 199.217415
v -427.503300 -1641.049984 152.003670
v -439.860630 -1641.049984 102.459908
v 263.800144 1666.349983 80.900002
v -439.624500 -1641.049984 103.323555
v -388.908482 -5.566597 249.688530
v -407.899952 1666.349983 217.900085
v -388.913059 -27.949905 249.680710
v 462.500095 -1641.049984 -0.100040
v 460.300159 -1641.049984 -45.400047
v 453.600025 -1641.049984 -90.299988
v 427.300167 -1641.049984 -177.099991
v 442.600155 -1641.049984 -134.399986
v 175.000095 1666.349983 213.800049
v 407.900143 -1641.049984 -218.099976
v 13.400173 -880.249977 1999.399948
v 100.400066 326.195526 455.014229
v 100.400066 381.649971 452.635574
v -340.899754 583.650017 311.587143
v -342.799854 583.650017 314.699936
v -326.999760 583.650017 326.899910
v 173.900127 336.149979 -433.500004
v 154.400158 274.850082 -455.000019
v 57.000256 -1246.149969 1988.600159
v 460.300159 -1641.049984 45.199966
v 28.900051 -1246.149969 1997.100067
v -306.499958 426.550102 356.699944
v -324.099827 469.050026 336.700058
v -337.399769 447.349930 331.200027
v 114.499950 263.549995 -465.900040
v -319.999790 405.550003 354.400063
v -57.800007 -1246.149969 1988.600159
v 187.600040 376.449966 -425.300026
v -442.599964 -1641.049984 -134.399986
v -453.600025 -1641.049984 -90.299988
v -460.299778 -1641.049984 -45.400047
v -462.500095 -1641.049984 -0.100040
v -351.299763 404.350090 338.699913
v -305.999851 583.650017 350.499916
v -342.299747 517.250061 315.900040
v -243.100071 376.550102 -399.699974
v 162.000179 362.549973 -435.700035
v -326.999760 1666.349983 326.899910
v 100.400066 289.812660 -460.756683
v 100.400066 295.937920 -459.171963
v 104.500103 303.249931 -456.799984
v -176.999760 583.650017 427.199936
v -176.999760 1666.349983 427.199936
v -217.999744 1666.349983 407.799911
v -221.899891 583.650017 408.900070
v -257.000065 583.650017 384.499931
v -282.518864 583.650017 365.501022
v -291.621113 583.650017 358.724213
v -293.399906 583.650017 357.399940
v -301.199818 477.549934 354.599953
v 100.400066 308.759308 -456.946468
v 100.400066 307.299423 -457.065296
v 100.400066 318.602943 -455.888176
v 100.400066 301.979828 -457.498169
v -99.599934 583.650017 451.155281
v -99.599934 1664.549828 451.155281
v -106.637287 583.650017 449.399948
v 100.400066 298.454094 -458.520985
v 109.200191 340.950012 -451.900005
v 100.400066 338.482094 -453.750896
v 100.400066 328.288460 -454.846859
v -341.800022 360.149956 -361.499977
v -289.499760 372.349930 -378.400040
v 100.400066 349.791336 -453.635788
v -391.532612 -819.980621 -245.496082
v -427.299976 -1641.049984 -177.099991
v -460.299778 -1641.049984 45.199966
v 100.400066 282.687950 -462.600040
v 100.400066 279.249954 -463.489437
v 100.400066 1664.549828 -698.700047
v -257.599735 433.850098 387.400055
v 376.500034 535.250092 -276.500034
v 385.659695 -27.949905 -255.326557
v 385.666180 -74.416924 -255.315590
v 386.060238 -437.549973 -254.656029
v 365.000057 466.550064 -303.699970
v 100.400066 377.964973 -453.348923
v 100.400066 381.649971 -453.327084
v -407.899952 -1641.049984 -218.099976
v 460.300159 1666.349983 45.199966
v 453.600025 -1641.049984 90.099907
v 407.900143 -1641.049984 217.900085
v 427.300167 -1641.049984 176.899910
v 218.000126 1666.349983 -407.999992
v 177.000141 1666.349983 -427.400017
v 105.700207 1666.349983 -253.299999
v 134.300137 1666.349983 -442.700005
v 80.300045 1666.349983 -262.399960
v 427.300167 1666.349983 -177.099991
v 243.100071 1666.349983 -128.699970
v 460.300159 1666.349983 -45.400047
v 453.600025 1666.349983 -90.299988
v 270.300007 1666.349983 -52.700043
v 274.300098 1666.349983 -26.000023
v 275.600147 1666.349983 1.000023
v 462.500095 1666.349983 -0.100040
v -194.299793 331.450081 -193.599987
v -212.399769 331.450081 -173.600006
v -262.999821 331.450081 -78.900051
v -274.899769 331.450081 1.000023
v -273.600101 331.450081 28.000069
v -274.899769 583.650017 371.173286
v 327.000141 1666.349983 -327.099991
v 340.700054 358.250046 -362.600040
v 351.200008 400.449944 -336.999989
v 27.300167 331.450081 -272.900009
v -79.499912 331.450081 -262.399960
v -105.000019 331.450081 -253.299999
v 54.099941 331.450081 -268.900013
v 407.900143 1666.349983 -218.099976
v 45.300198 1666.349983 -460.400009
v 90.199947 1666.349983 -453.699970
v 442.600155 1666.349983 -134.399986
v 54.099941 1666.349983 -268.900013
v -269.600010 1666.349983 -52.700043
v -460.299778 1666.349983 -45.400047
v -453.600025 1666.349983 -90.299988
v -212.399769 1666.349983 175.600052
v -194.299793 1666.349983 195.700073
v 385.625744 213.171196 -255.383205
v 380.900097 583.650017 -266.300011
v 385.288143 331.450081 -255.948448
v 385.187435 366.712761 -256.116962
v -228.500080 1666.349983 153.899956
v -442.599964 1666.349983 -134.399986
v -262.999821 1666.349983 -78.900051
v -242.400074 1666.349983 130.800056
v -253.899860 1666.349983 106.399918
v -253.899860 1666.349983 -104.300022
v -326.999760 1666.349983 -327.099991
v -357.499790 1666.349983 -293.500042
v -194.299793 1666.349983 -193.599987
v -257.000065 1666.349983 384.499931
v -293.399906 1666.349983 357.399940
v -384.599781 1666.349983 -257.100010
v -212.399769 1666.349983 -173.600006
v -217.999744 583.650017 407.799911
v -152.599812 1666.349983 -227.799988
v -151.299763 583.650017 439.100075
v -26.599979 1666.349983 274.900055
v 0.400066 1666.349983 276.300049
v -388.584232 50.725746 -250.431061
v -366.199970 469.449997 -302.600002
v -388.797474 -27.949905 -250.073814
v -217.999744 1666.349983 -407.999992
v -53.299809 1666.349983 270.999908
v -79.499912 1666.349983 264.399910
v -407.899952 1666.349983 -218.099976
v -388.266468 238.277245 -250.963020
v -45.300007 1666.349983 -460.400009
v -90.199757 1666.349983 -453.699970
v -105.000019 1666.349983 255.299950
v -0.000095 1666.349983 -462.600040
v 385.144711 381.649971 -256.188297
v 27.300167 1666.349983 274.900055
v 54.099941 1666.349983 270.999908
v 174.700069 583.650017 430.800056
v -228.500080 1666.349983 -151.900005
v -427.299976 1666.349983 -177.099991
v -462.500095 1666.349983 -0.100040
v -460.299778 1666.349983 45.199966
v 134.300137 1666.349983 442.499924
v -384.599781 1666.349983 256.900024
v -384.599781 583.650017 256.900024
v -357.499790 1666.349983 293.300056
v 242.900181 583.650017 395.400047
v 177.000141 583.650017 427.199936
v -357.499790 583.650017 293.300056
v -163.355732 583.650017 432.088852
v 274.300098 331.450081 -26.000023
v -134.299946 583.650017 442.499924
v 257.000065 583.650017 -384.700012
v 229.200077 1666.349983 153.899956
v 384.600163 1666.349983 256.900024
v 243.100071 1666.349983 130.800056
v 153.299999 1666.349983 229.899979
v 257.000065 1666.349983 384.499931
v 357.500172 1666.349983 293.300056
v 195.000172 1666.349983 195.700073
v 282.600117 451.550102 -369.000053
v 80.300045 331.450081 -262.399960
v 177.000141 1666.349983 427.199936
v 130.100155 1666.349983 243.799973
v 105.700207 331.450081 -253.299999
v 80.300045 1666.349983 264.399910
v 105.700207 1666.349983 255.299950
v 260.100079 429.949951 -385.200024
v 200.600147 583.650017 -418.500042
v 305.700016 419.650078 -356.700039
v -453.600025 -1641.049984 90.099907
v 427.300167 1666.349983 176.899910
v 254.699993 1666.349983 106.399918
v 213.100147 1666.349983 175.600052
v -442.599964 -1641.049984 134.199905
v -427.299976 -1641.049984 176.899910
v -407.899952 -1641.049984 217.900085
v -174.300098 1666.349983 213.800049
v 350.600147 405.850029 337.999916
v 317.400074 403.849983 355.900002
v -269.600010 1666.349983 54.700089
v -273.600101 1666.349983 28.000069
v -453.600025 1666.349983 90.099907
v 386.178112 -546.247387 -254.458523
v 283.400059 385.250092 379.299927
v -397.898960 -1371.848297 -234.839916
v -395.995045 -1256.749964 -238.026905
v 13.400173 -849.849987 -1999.399996
v -129.399967 1666.349983 243.799973
v -152.599812 1666.349983 229.899979
v -99.599934 583.650017 -451.355362
v -99.599934 583.650017 -452.732372
v 45.300198 1666.349983 460.199928
v -99.599934 1664.549828 -698.700047
v -0.000095 1664.549828 -462.600040
v 45.300198 1664.549828 -460.400009
v 149.600124 -798.449993 -1850.000000
v 241.499996 382.850075 400.200081
v 90.199947 1666.349983 453.499985
v -90.199757 1666.349983 453.499985
v -134.299946 1666.349983 442.499924
v -262.999821 1666.349983 80.900002
v -427.299976 1666.349983 176.899910
v -153.399754 583.650017 -438.300037
v -442.599964 1666.349983 134.199905
v -150.399876 -798.449993 -1850.000000
v 177.000141 583.650017 -427.400017
v 90.199947 1664.549828 -453.699970
v 100.400066 583.650017 -452.131367
v -394.275761 -1152.830410 -240.904331
v 68.699932 1664.549828 -456.908226
v -224.899769 583.650017 -407.200050
v 209.700108 397.249985 414.800072
v 127.100277 -825.549984 -1928.999996
v -127.900028 -825.549984 -1928.999996
v 139.499950 -817.049980 -1904.200006
v 233.700085 414.649963 401.799965
v 357.500172 583.650017 -293.500042
v -140.300083 -817.049980 -1904.200006
v -147.899723 -807.849979 -1877.600002
v 147.100163 -807.849979 -1877.600002
v -390.712833 -658.502674 -246.867752
v -213.399982 392.350006 -413.399982
v -389.678288 -352.602196 -248.599625
v -352.299976 402.549934 -335.900021
v -277.100086 393.149948 -379.399967
v 218.000126 583.650017 -407.999992
v 387.059498 -310.049534 252.783394
v 128.000164 583.650017 -446.899986
v -237.600040 410.250092 -400.000000
v -268.900013 583.650017 -379.600048
v -45.300007 1664.549828 -460.400009
v 303.900051 424.850082 358.099937
v -90.199757 1664.549828 -453.699970
v 271.400166 406.150055 380.800056
v -257.000065 583.650017 -384.700012
v -111.299992 -833.249950 -1951.100016
v -340.899754 583.650017 -311.787224
v -391.712284 -847.149944 -245.195293
v 279.100132 454.850006 371.699905
v 110.500240 -833.249950 -1951.100016
v 342.000103 583.650017 314.699936
v 305.200100 583.650017 350.499916
v 66.499996 -844.649982 -1984.300017
v -78.999805 -842.150021 -1976.999998
v 90.000057 -839.649963 -1969.700003
v 322.100163 467.550087 337.899971
v -319.500065 398.250008 -354.800034
v -384.599781 583.650017 -257.100010
v -388.266468 583.650017 -250.963020
v -283.400059 451.550102 -369.000053
v 90.199947 1664.549828 453.499985
v 45.300198 1664.549828 460.199928
v 68.699932 1664.549828 456.708145
v -309.699726 583.650017 -347.200012
v -338.099766 440.950012 -331.500053
v 360.285282 583.650017 289.558983
v -346.499729 583.650017 -310.500050
v 320.600033 501.849937 336.400032
v 300.400066 477.549934 354.599953
v -99.599934 583.650017 452.668571
v -325.100040 499.749947 -332.800007
v 388.981915 -783.828640 249.565697
v -357.499790 583.650017 -293.500042
v 57.000256 -1232.349968 -1988.600016
v 388.155270 -620.823479 250.949287
v 28.900051 -1232.349968 -1997.099996
v 339.800167 527.650070 317.000008
v 350.900173 490.950012 310.199928
v -90.199757 1664.549828 453.499985
v -27.800083 -848.950005 -1996.800017
v 362.600040 472.150040 -303.600025
v 380.400181 583.650017 267.200089
v 384.600163 568.220901 -257.100010
v 384.648037 552.189064 -257.019901
v 384.875011 476.156425 -256.639957
v 384.567165 583.650017 -257.144165
v 384.546757 583.650017 256.971741
v 376.771641 583.650017 267.414856
v 370.156765 583.650017 276.300049
v 319.200039 398.749924 -354.399967
v 385.622120 420.460320 255.189323
v 385.622120 502.055168 255.189323
v 385.586262 504.720688 255.249214
v 384.600163 578.025055 256.900024
v 100.400066 270.823288 -465.669632
v 100.400066 253.024864 -474.408531
v 100.400066 260.986710 -469.389629
v 100.400066 264.148521 -467.396450
v 100.400066 264.379883 -467.336655
v -349.099827 493.750000 -311.100006
v -388.962650 -269.111252 249.597931
v -389.157963 -437.549973 249.270439
v -364.999866 469.149971 305.699921
v 225.500011 231.850052 -472.000027
v -377.599812 539.150047 -275.500011
v 100.400066 237.743568 -484.041309
v 133.299923 205.649948 -499.899960
v -388.266468 393.313026 -250.963020
v -388.584232 549.004936 -250.431061
v 100.400066 233.905983 -485.699940
v -381.400013 583.650017 -266.600037
v 100.400066 188.915443 -516.043186
v 136.699963 191.950035 -512.800026
v 100.400066 176.849937 -528.977680
v -388.264179 583.650017 -250.968361
v -388.266468 583.650017 -250.962830
v 100.400066 225.607300 -489.286327
v -389.877415 -847.149944 248.066711
v -390.950871 -1256.749964 246.269226
v -389.440250 -680.461693 248.798180
v 100.400066 193.782425 -511.753178
v 100.400066 194.255447 -511.336327
v 100.400066 219.307709 -492.008877
v 100.400066 194.438744 -511.162663
v 100.400066 203.108597 -502.956486
v 100.400066 205.911064 -501.062584
v 226.400089 46.549988 -668.700027
v -381.400013 583.650017 266.900063
v -388.658237 583.650017 250.107193
v 100.400066 37.314606 -678.617477
v 100.400066 18.585587 -698.700047
v 100.400066 114.203453 -596.137524
v -376.599979 536.650085 278.199959
v -388.698292 577.463531 250.040054
v -388.791370 563.055801 249.884033
v 345.700169 583.650017 -310.500050
v 384.108067 583.650017 -257.760811
v 348.600101 494.149971 -310.799980
v -340.899754 362.949944 363.999939
v 324.300098 499.749947 -332.800007
v 395.678616 -1356.371832 238.356590
v -242.899799 295.249939 429.999924
v -280.899906 316.150093 408.900070
v 391.879749 -1125.992060 244.715118
v -261.999989 344.849968 402.199936
v -317.099857 340.049934 384.899902
v -340.899754 362.949944 363.999939
v 384.108067 583.650017 -257.760811
v 345.700169 583.650017 -310.500050
v 100.400066 37.314606 -678.617477
v -388.658237 583.650017 250.107193
v -381.400013 583.650017 266.900063
v 226.400089 46.549988 -668.700027
v 100.400066 205.911064 -501.062584
v 100.400066 203.108597 -502.956486
v 100.400066 225.607300 -489.286327
v -388.266468 583.650017 -250.962830
v -388.264179 583.650017 -250.968361
v -388.264179 583.650017 -250.968361
v 100.400066 176.849937 -528.977680
v 100.400066 188.915443 -516.043186
v -381.400013 583.650017 -266.600037
v 100.400066 233.905983 -485.699940
v 100.400066 237.743568 -484.041309
v -99.599934 340.718651 454.218483
v 308.900166 583.650017 -347.200012
v -99.599934 345.477486 453.701210
v 100.400066 239.734650 482.101250
v -150.399876 -586.450005 1354.899979
v -79.499912 331.450081 264.399910
v -79.499912 1666.349983 264.399910
v -150.399876 -696.650028 -1554.400006
v -26.599979 331.450081 -272.900009
v -26.599979 1666.349983 -272.900009
v 100.400066 205.476952 506.325531
v 146.700001 -1666.349983 -1879.299998
v 100.400066 583.650017 -452.131367
v 100.400066 583.650017 -452.131367
v 139.499950 -845.549965 1904.199982
v -99.599934 323.064995 455.469513
v 442.600155 -1641.049984 134.199905
v 442.600155 1666.349983 134.199905
v -147.899723 -835.849953 1877.600098
v 147.100163 -835.849953 1877.600098
v -99.599934 229.583931 -484.132195
v 90.000057 -869.449997 1969.699860
v -79.499912 1666.349983 -262.399960
v -79.499912 331.450081 -262.399960
v -268.900013 583.650017 -379.600048
v -105.000019 1666.349983 -253.299999
v -105.000019 331.450081 -253.299999
v -99.599934 296.481133 -458.252621
v 448.270512 -1641.049984 -20.450687
v 105.700207 331.450081 255.299950
v 105.700207 1666.349983 255.299950
v -427.439213 -1641.049984 -161.447620
v -99.599934 319.088936 456.366539
v 274.700069 -1666.349983 -532.699966
v -99.599934 324.716187 455.352402
v -174.300098 331.450081 -211.800003
v -174.300098 1666.349983 -211.800003
v -194.299793 331.450081 -193.599987
v -194.299793 1666.349983 -193.599987
v -228.500080 331.450081 -151.900005
v -228.500080 1666.349983 -151.900005
v -253.899860 331.450081 -104.300022
v -253.899860 1666.349983 -104.300022
v 263.800144 331.450081 -78.900051
v 263.800144 1666.349983 -78.900051
v 439.200115 -1641.049984 -101.900005
v 439.200115 -1666.349983 -101.900005
v -250.399876 -1666.349983 -600.000000
v -250.399876 110.650063 -600.000000
v -99.599934 317.456055 456.747246
v -273.600101 1666.349983 -26.000023
v -273.600101 331.450081 -26.000023
v 441.252995 -1641.049984 -88.382435
v -176.999760 583.650017 -427.400017
v -176.999760 1666.349983 -427.400017
v -326.999760 583.650017 -327.099991
v -326.999760 1666.349983 -327.099991
v -99.599934 583.650017 -452.732372
v -99.599934 583.650017 -452.732372
v -274.899769 583.650017 -371.373367
v -257.000065 1666.349983 -384.700012
v -257.000065 583.650017 -384.700012
v 409.071064 -1641.049984 -201.230049
v 390.256023 -1641.049984 -247.632885
v 409.890270 -1641.049984 -199.217415
v 229.200077 331.450081 -151.900005
v 229.200077 1666.349983 -151.900005
v -450.875187 -1641.049984 -21.603012
v 409.296322 -1641.049984 -200.698376
v -106.637287 583.650017 449.399948
v -195.099735 -1666.349983 785.400009
v -341.800022 360.149956 -361.499977
v 27.300167 331.450081 274.900055
v 27.300167 1666.349983 274.900055
v 0.400066 1666.349983 -274.199963
v 0.400066 331.450081 -274.199963
v -99.599934 420.074844 -454.051685
v -99.599934 298.571777 -458.054543
v 100.400066 193.782425 -511.753178
v -317.899799 281.050110 -420.899963
v -150.399876 -670.849991 1466.799927
v 149.600124 -732.250023 1592.900085
v -99.599934 322.122955 455.558968
v 293.400097 583.650017 357.399940
v 293.400097 1666.349983 357.399940
v 149.600124 -710.949993 1540.900040
v -110.344028 583.650017 -448.675442
v -150.399876 -623.050022 1397.500038
v -448.207951 -1641.049984 39.800072
v -99.599934 265.669632 470.968628
v -140.300083 -817.049980 -1904.200006
v 340.300083 364.349937 363.100052
v 100.400066 341.678429 452.594566
v -151.999760 -352.250004 -1096.400023
v 149.600124 -419.950008 -1169.000006
v -274.899769 1666.349983 1.000023
v -274.899769 331.450081 1.000023
v 439.233112 -1641.049984 -101.682663
v 80.300045 1666.349983 -262.399960
v 80.300045 331.450081 -262.399960
v 149.600124 -656.149960 1442.900085
v -99.599934 267.327881 469.920731
v -425.779819 -1641.049984 -165.659618
v -99.599934 269.453239 -465.746593
v -151.299763 583.650017 439.100075
v -106.499958 -1666.349983 -1956.100011
v 151.200008 -345.450020 1096.400070
v 159.899998 -244.250011 987.899971
v -217.999744 1666.349983 407.799911
v -217.999744 583.650017 407.799911
v -99.599934 224.913597 -487.688351
v -99.599934 194.211006 -511.066246
v -99.599934 361.943817 -453.935432
v -426.133823 -1641.049984 -164.786911
v 384.600163 1666.349983 256.900024
v -99.599934 381.649971 -453.974915
v 229.200077 331.450081 153.899956
v 229.200077 1666.349983 153.899956
v -242.400074 331.450081 130.800056
v -242.400074 1666.349983 130.800056
v -99.599934 333.194160 -453.275013
v 206.100178 -18.449974 -738.399982
v 357.500172 1666.349983 -293.500042
v 357.500172 583.650017 -293.500042
v -447.799778 -1666.349983 -82.400036
v 462.500095 -1641.049984 -0.100040
v 462.500095 1666.349983 -0.100040
v 130.100155 1666.349983 -241.699982
v 130.100155 331.450081 -241.699982
v 28.900051 -1666.349983 -1997.099996
v 153.299999 1666.349983 -227.799988
v 153.299999 331.450081 -227.799988
v 100.400066 338.482094 -453.750896
v 270.300007 331.450081 54.700089
v 270.300007 1666.349983 54.700089
v 275.600147 331.450081 1.000023
v 275.600147 1666.349983 1.000023
v 254.699993 331.450081 -104.300022
v 254.699993 1666.349983 -104.300022
v -293.399906 1666.349983 -357.600021
v -293.399906 583.650017 -357.600021
v 195.000172 331.450081 195.700073
v 195.000172 1666.349983 195.700073
v -427.599812 -1666.349983 151.700020
v -317.699909 286.849976 421.800041
v -99.599934 22.655106 -694.359493
v 153.500080 -318.550014 -1060.200024
v 243.100071 331.450081 -128.699970
v 243.100071 1666.349983 -128.699970
v 146.700001 -1666.349983 1879.299927
v 219.300175 -1666.349983 691.900063
v 316.900158 287.150002 421.500015
v 303.800106 252.750015 454.999924
v 329.100132 324.650002 390.900040
v 270.300007 331.450081 -52.700043
v 270.300007 1666.349983 -52.700043
v -129.399967 331.450081 -241.699982
v -129.399967 1666.349983 -241.699982
v 243.100071 331.450081 130.800056
v 243.100071 1666.349983 130.800056
v 219.300175 -1666.349983 -691.899967
v 127.100277 -854.650021 1929.000092
v -78.999805 -842.150021 -1976.999998
v -140.300083 -845.549965 1904.199982
v 100.400066 318.538475 456.210899
v -450.899982 -1666.349983 -20.600033
v -450.899982 -1641.049984 -20.600033
v -257.000065 583.650017 384.499931
v -257.000065 1666.349983 384.499931
v -99.599934 282.010841 -462.600040
v -99.599934 526.049614 -453.197002
v -439.999866 -1666.349983 101.899910
v -439.999866 -1641.049984 101.899910
v -442.599964 -1641.049984 134.199905
v -442.599964 1666.349983 134.199905
v -99.599934 222.330093 -489.655495
v 100.400066 194.255447 -511.336327
v -206.899738 -11.549950 738.400078
v -0.399876 -1666.349983 2000.000000
v 149.600124 -675.249958 -1499.900007
v 149.600124 -825.850010 1850.000000
v 149.600124 -1666.349983 1850.000000
v -57.800007 -1666.349983 -1988.600016
v 100.400066 270.823288 -465.669632
v 213.100147 1666.349983 -173.600006
v 213.100147 331.450081 -173.600006
v 139.499950 -817.049980 -1904.200006
v -99.599934 189.951134 -514.931583
v -99.599934 199.283409 -506.463814
v -99.599934 192.514610 519.516563
v 365.906620 583.650017 -282.208633
v -269.600010 331.450081 -52.700043
v -269.600010 1666.349983 -52.700043
v -99.599934 218.655205 -491.996002
v -99.599934 413.574219 454.065514
v -427.291584 -1641.049984 -162.020779
v 100.400066 219.307709 -492.008877
v -447.617817 -1641.049984 -83.388424
v -99.599934 228.453636 -484.992790
v -99.599934 266.646385 -466.422367
v 407.900143 1666.349983 217.900085
v 407.900143 -1641.049984 217.900085
v 380.900097 583.650017 -266.300011
v 100.400066 253.024864 -474.408531
v 100.400066 269.567871 467.232132
v -99.599934 266.337585 -466.496754
v 195.000172 331.450081 -193.599987
v 195.000172 1666.349983 -193.599987
v 100.400066 164.763069 549.366570
v -99.599934 112.260818 -598.237991
v -147.499943 -1666.349983 1879.299927
v -277.013111 583.650017 -369.799995
v -150.399876 -413.049984 1169.000053
v -150.399876 -1666.349983 1169.000053
v -152.599812 331.450081 -227.799988
v -152.599812 1666.349983 -227.799988
v -134.299946 1666.349983 -442.700005
v -134.299946 583.650017 -442.700005
v 409.277439 -1641.049984 -200.745487
v -99.599934 213.819122 500.446510
v 100.400066 282.389259 464.540482
v 439.060688 -1641.049984 -102.460003
v -99.599934 285.165977 464.275932
v -242.400074 331.450081 -128.699970
v -242.400074 1666.349983 -128.699970
v 449.145603 -1641.049984 39.800072
v 100.400066 322.639084 455.266190
v -194.299793 331.450081 195.700073
v -194.299793 1666.349983 195.700073
v -427.267551 -1641.049984 -162.114429
v 160.800076 -1666.349983 975.900078
v -99.599934 206.559372 -499.979401
v -447.712421 -1641.049984 -82.816029
v -330.399799 319.350052 -389.700031
v 100.400066 381.649971 -453.327084
v 100.400066 234.723854 485.644531
v -99.599934 246.591377 -475.836182
v -99.599934 301.650238 -457.762909
v -99.599934 179.069328 -526.596546
v 305.180836 -1666.349983 462.400055
v -304.799747 252.849960 454.899979
v 442.600155 -1641.049984 -134.399986
v 442.600155 1666.349983 -134.399986
v 138.199902 -1666.349983 -1907.400012
v 427.300167 -1641.049984 176.899910
v 427.300167 1666.349983 176.899910
v -410.690022 -1641.049984 199.217415
v 268.100071 583.650017 -379.600048
v -99.599934 209.885025 503.105164
v -427.299976 -1641.049984 -177.099991
v -427.299976 1666.349983 -177.099991
v 100.400066 203.390503 507.948303
v -29.699802 -1666.349983 -1997.099996
v -83.699894 -1666.349983 -1974.699998
v 293.400097 583.650017 -357.600021
v 293.400097 1666.349983 -357.600021
v 124.299908 -1666.349983 -1933.299994
v 100.400066 203.445625 507.905388
v 175.000095 331.450081 213.800049
v 175.000095 1666.349983 213.800049
v 27.300167 1666.349983 -272.900009
v 27.300167 331.450081 -272.900009
v -427.200031 -1666.349983 -162.300014
v 100.400066 260.986710 -469.389629
v 100.400066 23.080063 701.300049
v 100.400066 23.080063 701.300049
v 100.400066 1664.549828 701.300049
v 100.400066 1664.549828 701.300049
v -274.899769 583.650017 371.173286
v 100.400066 233.172798 486.741257
v 68.699932 23.076057 701.300049
v 249.600124 110.650063 -600.000000
v 100.400066 255.060768 474.898148
v 82.900143 -1666.349983 1974.700165
v 149.600124 -586.450005 1354.899979
v 100.400066 579.429626 453.149223
v -27.800083 -879.349995 1996.799850
v -154.399967 -311.649990 1060.199928
v -99.599934 381.649971 453.894806
v -427.318287 -1641.049984 -161.917114
v -220.099735 -1666.349983 691.900063
v -99.599934 322.848320 455.490112
v -99.599934 331.601524 -453.509712
v -300.700092 -1666.349983 465.500069
v 28.900051 -1666.349983 1997.100067
v 138.199902 -1666.349983 1907.400131
v -150.399876 -546.749973 -1304.900002
v -164.600086 -210.649967 951.899910
v 45.300198 1666.349983 460.199928
v 45.300198 1664.549828 460.199928
v -410.011768 -1641.049984 200.897980
v -99.599934 1664.549828 -451.355362
v -99.599934 1664.549828 -451.355362
v -99.599934 583.650017 -451.355362
v -99.599934 583.650017 -451.355362
v -426.477146 -1641.049984 -163.961983
v 174.800014 -143.750000 880.100060
v 174.800014 -1666.349983 880.100060
v -0.000095 1666.349983 -462.600040
v -0.000095 1664.549828 -462.600040
v 249.600124 117.550087 600.000000
v 249.600124 -1666.349983 600.000000
v 100.400066 114.203453 -596.137524
v -99.599934 232.489586 -482.455540
v -216.999912 14.050102 -703.600025
v 100.400066 295.937920 -459.171963
v -153.199863 -1666.349983 1072.299957
v 152.400112 -1666.349983 -1072.300005
v -238.799763 85.449982 634.399986
v -0.000095 1666.349983 462.400055
v -0.000095 1664.549828 462.400055
v 450.094509 -1641.049984 20.368385
v -175.599766 -143.750000 880.100060
v -175.599766 -1666.349983 880.100060
v 450.100040 -1666.349983 20.599937
v -161.599827 -1666.349983 975.900078
v 303.448963 583.650017 -348.478317
v -195.099735 -1666.349983 -785.400009
v -53.299809 331.450081 -268.900013
v -53.299809 1666.349983 -268.900013
v -150.399876 -649.349976 -1447.300005
v 447.000027 -1666.349983 82.399940
v 100.400066 203.315163 508.006859
v -176.999760 583.650017 427.199936
v -176.999760 1666.349983 427.199936
v 149.600124 -696.650028 -1554.400006
v 216.200161 20.949936 703.599930
v -150.399876 -1666.349983 -1850.000000
v -150.399876 -798.449993 -1850.000000
v 175.000095 1666.349983 -211.800003
v 175.000095 331.450081 -211.800003
v -99.599934 279.249954 -463.429451
v -99.599934 279.944801 -463.220692
v 100.400066 206.646919 505.415535
v -212.399769 331.450081 -173.600006
v -212.399769 1666.349983 -173.600006
v 100.400066 75.355721 645.233917
v -139.000034 -1666.349983 1907.400131
v -427.584934 -1641.049984 -160.882568
v 100.400066 225.538445 490.722275
v 57.000256 -1666.349983 1988.600159
v 257.000065 1666.349983 -384.700012
v 257.000065 583.650017 -384.700012
v -57.800007 -1666.349983 1988.600159
v -83.699894 -1666.349983 1974.700165
v -99.599934 192.766190 519.293976
v -90.199757 1666.349983 -453.699970
v -90.199757 1664.549828 -453.699970
v -462.500095 -1641.049984 -0.100040
v -462.500095 1666.349983 -0.100040
v -106.499958 -1666.349983 1956.100082
v 438.824558 -1641.049984 -103.323555
v 177.000141 1666.349983 -427.400017
v 177.000141 583.650017 -427.400017
v 100.400066 574.046135 453.189087
v 384.546757 583.650017 256.971741
v 194.300175 -1666.349983 785.400009
v 384.600163 1666.349983 -257.100010
v -99.599934 275.500679 -464.555836
v 100.400066 301.979828 -457.498169
v 426.886272 -1641.049984 160.490036
v 303.999996 245.949936 -454.899979
v 100.400066 298.454094 -458.520985
v -217.999744 583.650017 -407.999992
v -217.999744 1666.349983 -407.999992
v 409.600163 -1666.349983 -200.000000
v 100.400066 217.577362 494.873810
v 425.327396 -1641.049984 164.801788
v -99.599934 226.872063 491.625023
v 447.020245 -1641.049984 82.168388
v 105.700207 -1666.349983 -1956.100011
v -99.599934 304.702568 -457.473755
v -151.799870 -1666.349983 -1120.599985
v -125.100040 -1666.349983 -1933.299994
v 365.000057 466.550064 -303.699970
v 160.800076 -1666.349983 -975.899982
v -99.599934 214.861870 499.741745
v 426.800060 -1666.349983 -151.700020
v -99.599934 1664.549828 701.300049
v -99.599934 1664.549828 701.300049
v -99.599934 23.056221 701.300049
v -99.599934 23.056221 701.300049
v -99.599934 279.249954 465.655136
v 100.400066 349.791336 -453.635788
v 425.820827 -1641.049984 163.622665
v -99.599934 191.563988 520.536232
v 124.299908 -1666.349983 1933.300018
v -99.599934 192.394066 519.645882
v -99.599934 210.707474 -497.241592
v 317.199993 280.550003 -421.199989
v -427.281666 -1641.049984 -162.059212
v -150.399876 -732.250023 1592.900085
v -220.099735 -1666.349983 -691.899967
v 329.400158 318.250084 -390.499973
v 149.600124 -649.349976 -1447.300005
v -447.699833 -1666.349983 51.199913
v -447.699833 -1641.049984 51.199913
v 100.400066 194.438744 -511.162663
v -84.528828 23.056984 701.300049
v 360.285282 583.650017 289.558983
v -99.599934 50.013351 672.395134
v 134.300137 583.650017 -442.700005
v 134.300137 1666.349983 -442.700005
v -99.599934 330.628395 454.933548
v 152.400112 -1666.349983 1072.299957
v -99.599934 190.554810 521.618271
v -99.599934 338.324547 -453.888226
v -447.172642 -1641.049984 -84.909725
v -409.862232 -1641.049984 201.252174
v 177.000141 583.650017 427.199936
v 177.000141 1666.349983 427.199936
v 174.800014 -150.549984 -880.100012
v 174.800014 -1666.349983 -880.100012
v 106.637478 583.650017 449.399948
v -304.599857 245.849991 -455.000019
v -150.399876 -675.249958 -1499.900007
v -221.899891 583.650017 408.900070
v 450.085545 -1641.049984 21.063232
v -139.000034 -1666.349983 -1907.400012
v -147.499943 -1666.349983 -1879.299998
v -0.399876 -1666.349983 -2000.000000
v 274.300098 1666.349983 28.000069
v 274.300098 331.450081 28.000069
v -99.599934 293.211555 462.400055
v 100.400066 348.983955 452.541542
v -99.599934 583.650017 451.155281
v -99.599934 583.650017 451.155281
v -99.599934 1664.549828 451.155281
v -99.599934 1664.549828 451.155281
v 105.700207 1666.349983 -253.299999
v 105.700207 331.450081 -253.299999
v 57.000256 -1666.349983 -1988.600016
v 105.700207 -1666.349983 1956.100082
v -160.699940 -251.149940 -987.900019
v -45.300007 1664.549828 460.199928
v -45.300007 1666.349983 460.199928
v -150.399876 -619.149971 -1397.000003
v 327.000141 583.650017 -327.099991
v 327.000141 1666.349983 -327.099991
v 149.600124 -619.149971 -1397.000003
v 450.093365 -1641.049984 20.450020
v -99.599934 176.849937 -528.975582
v -150.399876 -584.850025 -1349.500012
v 149.600124 -584.850025 -1349.500012
v -99.599934 262.531281 -467.413139
v 194.300175 -1666.349983 -785.400009
v -410.399723 -1666.349983 200.000000
v -447.844791 -1641.049984 -82.013226
v 460.300159 -1641.049984 -45.400047
v 460.300159 1666.349983 -45.400047
v 348.600101 494.149971 -310.799980
v -449.235249 -1641.049984 16.747284
v -301.980686 -1666.349983 462.400055
v 110.500240 -862.650013 1951.100159
v -99.599934 583.650017 452.668571
v -99.599934 583.650017 452.668571
v 426.703358 -1641.049984 -152.003574
v -346.499729 583.650017 -310.500050
v -426.284122 -1641.049984 -164.422894
v -425.966740 -1641.049984 -165.197372
v -425.577641 -1641.049984 -166.172695
v -424.682713 -1641.049984 -168.531704
v 110.500240 -833.249950 -1951.100016
v -127.900028 -854.650021 1929.000092
v 100.400066 289.812660 -460.756683
v -427.503300 -1641.049984 152.003670
v 130.100155 331.450081 243.799973
v 130.100155 1666.349983 243.799973
v 213.100147 331.450081 175.600052
v 213.100147 1666.349983 175.600052
v 100.400066 583.650017 -451.155758
v 100.400066 583.650017 -451.155758
v 100.400066 1664.549828 -451.155758
v 100.400066 1664.549828 -451.155758
v 254.699993 331.450081 106.399918
v 254.699993 1666.349983 106.399918
v 263.800144 331.450081 80.900002
v 263.800144 1666.349983 80.900002
v 100.400066 264.379883 -467.336655
v 163.800144 -217.449951 -951.900005
v -111.299992 -862.650013 1951.100159
v -282.518864 583.650017 365.501022
v 100.400066 275.867462 465.715408
v 90.000057 -839.649963 -1969.700003
v -78.999805 -872.049999 1977.000046
v 66.499996 -874.749994 1984.299850
v -228.500080 331.450081 153.899956
v -228.500080 1666.349983 153.899956
v -253.899860 331.450081 106.399918
v -253.899860 1666.349983 106.399918
v -212.399769 331.450081 175.600052
v -212.399769 1666.349983 175.600052
v -269.600010 331.450081 54.700089
v -269.600010 1666.349983 54.700089
v -105.000019 331.450081 255.299950
v -105.000019 1666.349983 255.299950
v 149.600124 -546.749973 -1304.900002
v -129.399967 331.450081 243.799973
v -129.399967 1666.349983 243.799973
v 423.892689 -1641.049984 168.507576
v -453.600025 -1641.049984 -90.299988
v -453.600025 1666.349983 -90.299988
v 395.678616 -1641.049984 238.356590
v -152.599812 331.450081 229.899979
v -152.599812 1666.349983 229.899979
v -305.999851 583.650017 350.499916
v -174.300098 331.450081 213.800049
v -174.300098 1666.349983 213.800049
v -26.599979 331.450081 274.900055
v -26.599979 1666.349983 274.900055
v 0.400066 331.450081 276.300049
v 0.400066 1666.349983 276.300049
v 54.099941 331.450081 270.999908
v 54.099941 1666.349983 270.999908
v 446.817875 -1641.049984 83.388329
v 446.372700 -1641.049984 84.909821
v 218.000126 1666.349983 407.799911
v 218.000126 583.650017 407.799911
v 82.900143 -1666.349983 -1974.699998
v -53.299809 331.450081 270.999908
v -53.299809 1666.349983 270.999908
v 257.000065 583.650017 384.499931
v 257.000065 1666.349983 384.499931
v 446.913624 -1641.049984 82.811356
v 100.400066 583.650017 450.955772
v 100.400066 583.650017 450.955772
v 100.400066 1664.549828 450.955772
v 100.400066 1664.549828 450.955772
v 426.467609 -1641.049984 162.114525
v 273.500156 583.650017 372.215652
v 277.013302 583.650017 -369.799995
v 80.300045 331.450081 264.399910
v 80.300045 1666.349983 264.399910
v 425.666332 -1641.049984 163.987923
v -29.699802 -1666.349983 1997.100067
v 424.783802 -1641.049984 166.158676
v 100.400066 583.650017 453.118896
v 100.400066 583.650017 453.118896
v 327.000141 1666.349983 326.899910
v 327.000141 583.650017 326.899910
v 357.500172 583.650017 293.300056
v 357.500172 1666.349983 293.300056
v 425.163746 -1641.049984 165.204811
v -250.399876 -1666.349983 600.000000
v 425.474644 -1641.049984 164.445114
v 100.400066 279.249954 -463.489437
v -426.630878 -1641.049984 -163.598537
v 100.400066 346.969032 452.535820
v -150.399876 -825.850010 1850.000000
v -150.399876 -1666.349983 1850.000000
v 453.600025 1666.349983 90.099907
v 453.600025 -1641.049984 90.099907
v -391.958714 -1641.049984 244.582939
v -410.263920 -1641.049984 200.312614
v -440.033054 -1641.049984 101.682663
v 100.400066 282.687950 -462.600040
v -439.860630 -1641.049984 102.459908
v -439.624500 -1641.049984 103.323555
v -407.899952 1666.349983 217.900085
v -407.899952 -1641.049984 217.900085
v 453.600025 -1641.049984 -90.299988
v 453.600025 1666.349983 -90.299988
v 153.299999 331.450081 229.899979
v 153.299999 1666.349983 229.899979
v 427.300167 -1641.049984 -177.099991
v 427.300167 1666.349983 -177.099991
v 407.900143 -1641.049984 -218.099976
v 407.900143 1666.349983 -218.099976
v 127.100277 -825.549984 -1928.999996
v 376.771641 583.650017 267.414856
v 100.400066 326.195526 455.014229
v 100.400066 381.649971 452.635574
v -340.899754 583.650017 311.587143
v -342.799854 583.650017 314.699936
v -326.999760 583.650017 326.899910
v -326.999760 1666.349983 326.899910
v -449.773884 -1641.049984 4.667091
v 460.300159 -1641.049984 45.199966
v 460.300159 1666.349983 45.199966
v -99.599934 155.287933 -552.089596
v -397.898960 -1641.049984 -234.839916
v 101.200008 583.650017 453.000069
v -442.599964 -1641.049984 -134.399986
v -442.599964 1666.349983 -134.399986
v -291.621113 583.650017 358.724213
v -293.399906 583.650017 357.399940
v -293.399906 1666.349983 357.399940
v 426.400089 -1666.349983 162.299919
v 100.400066 308.759308 -456.946468
v 100.400066 307.299423 -457.065296
v 100.400066 318.602943 -455.888176
v -262.999821 331.450081 80.900002
v -262.999821 1666.349983 80.900002
v 100.400066 328.288460 -454.846859
v -460.299778 -1641.049984 45.199966
v -460.299778 1666.349983 45.199966
v 100.400066 18.585587 -698.700047
v 100.400066 18.585587 -698.700047
v 100.400066 1664.549828 -698.700047
v 100.400066 1664.549828 -698.700047
v -99.599934 317.840958 456.657600
v -99.599934 222.879219 -489.237309
v 424.981976 -1641.049984 165.656853
v 100.400066 377.964973 -453.348923
v -407.899952 -1641.049984 -218.099976
v -407.899952 1666.349983 -218.099976
v 218.000126 1666.349983 -407.999992
v 218.000126 583.650017 -407.999992
v -45.300007 1666.349983 -460.400009
v -45.300007 1664.549828 -460.400009
v 274.300098 1666.349983 -26.000023
v 274.300098 331.450081 -26.000023
v -262.999821 331.450081 -78.900051
v -262.999821 1666.349983 -78.900051
v 118.754101 583.650017 446.377754
v -273.600101 331.450081 28.000069
v -273.600101 1666.349983 28.000069
v 340.700054 358.250046 -362.600040
v 450.064182 -1641.049984 19.792557
v 54.099941 331.450081 -268.900013
v 54.099941 1666.349983 -268.900013
v 45.300198 1666.349983 -460.400009
v 45.300198 1664.549828 -460.400009
v 90.199947 1666.349983 -453.699970
v 90.199947 1664.549828 -453.699970
v -460.299778 -1641.049984 -45.400047
v -460.299778 1666.349983 -45.400047
v 242.900181 583.650017 395.400047
v -357.499790 1666.349983 -293.500042
v -357.499790 583.650017 -293.500042
v -384.599781 1666.349983 -257.100010
v -384.599781 583.650017 -257.100010
v -388.266468 583.650017 -250.963020
v -388.266468 583.650017 -250.963020
v 174.700069 583.650017 430.800056
v -161.599827 -1666.349983 -975.899982
v -384.599781 1666.349983 256.900024
v -384.599781 583.650017 256.900024
v -357.499790 1666.349983 293.300056
v -357.499790 583.650017 293.300056
v -163.355732 583.650017 432.088852
v -134.299946 583.650017 442.499924
v -134.299946 1666.349983 442.499924
v 200.600147 583.650017 -418.500042
v -453.600025 -1641.049984 90.099907
v -453.600025 1666.349983 90.099907
v -427.299976 -1641.049984 176.899910
v -427.299976 1666.349983 176.899910
v 13.400173 -849.849987 -1999.399996
v 90.199947 1666.349983 453.499985
v 90.199947 1664.549828 453.499985
v -90.199757 1666.349983 453.499985
v -90.199757 1664.549828 453.499985
v -153.399754 583.650017 -438.300037
v 68.699932 1664.549828 -456.908226
v -224.899769 583.650017 -407.200050
v -127.900028 -825.549984 -1928.999996
v -147.899723 -807.849979 -1877.600002
v 147.100163 -807.849979 -1877.600002
v -175.599766 -150.549984 -880.100012
v -175.599766 -1666.349983 -880.100012
v 128.000164 583.650017 -446.899986
v 446.900082 -1641.049984 -51.200008
v 446.900082 -1666.349983 -51.200008
v 134.300137 583.650017 442.499924
v 134.300137 1666.349983 442.499924
v -99.599934 338.437462 454.380035
v -99.599934 246.204376 483.270073
v -111.299992 -833.249950 -1951.100016
v -340.899754 583.650017 -311.787224
v 342.000103 583.650017 314.699936
v 305.200100 583.650017 350.499916
v 409.219646 -1641.049984 -200.879097
v -189.700031 -84.249973 -809.000015
v 66.499996 -844.649982 -1984.300017
v 68.699932 1664.549828 456.708145
v -99.599934 271.053505 467.566299
v 13.400173 -880.249977 1999.399948
v -309.699726 583.650017 -347.200012
v 149.600124 -1666.349983 -1850.000000
v 149.600124 -798.449993 -1850.000000
v -99.599934 18.607140 -698.700047
v -99.599934 18.607140 -698.700047
v -99.599934 1664.549828 -698.700047
v -99.599934 1664.549828 -698.700047
v -125.100040 -1666.349983 1933.300018
v -27.800083 -848.950005 -1996.800017
v 362.600040 472.150040 -303.600025
v 380.400181 583.650017 267.200089
v 384.567165 583.650017 -257.144165
v 370.156765 583.650017 276.300049
v 100.400066 264.148521 -467.396450
# 1575 vertices

vn 0.000000 1.000000 0.000000
vn 0.000000 0.999969 0.000000
vn 0.000000 -0.000000 1.000000
vn -0.081625 -0.000000 0.996656
vn -0.114688 -0.000000 0.993375
vn 0.000000 -1.000000 -0.000000
vn 0.000000 -0.999969 -0.000000
vn -0.119094 0.462406 -0.878625
vn -0.107031 0.427438 -0.897656
vn -0.128250 0.365281 -0.922000
vn -0.108750 0.435781 -0.893438
vn -0.077281 0.562625 -0.823062
vn 0.060438 0.602687 0.795656
vn 0.049562 0.483187 0.874094
vn 0.058469 0.576344 0.815094
vn 0.047531 0.461844 0.885656
vn 0.176906 0.338156 0.924281
vn 0.107406 0.427125 0.897750
vn 0.068844 0.402781 0.912687
vn 0.107469 0.520094 0.847281
vn 0.072781 0.538188 0.839656
vn -0.156844 0.505781 -0.848250
vn -0.067562 0.615031 -0.785563
vn 0.012625 0.613875 0.789281
vn 0.004562 0.723031 0.690750
vn 0.010281 0.687312 0.726250
vn -0.000219 0.731313 0.682031
vn 0.017500 0.652906 0.757219
vn -0.044438 0.638406 -0.768375
vn -0.005687 0.721156 -0.692719
vn -0.107125 0.582656 0.805594
vn -0.006187 0.722125 0.691719
vn -0.136344 0.590312 0.795531
vn -0.009875 0.719437 -0.694469
vn -0.077250 0.594906 0.800062
vn 0.081156 0.204750 0.975438
vn 0.101187 0.216281 0.971062
vn 0.000063 0.731313 -0.682031
vn 0.000031 0.731438 -0.681875
vn 0.000063 0.731344 -0.681969
vn 0.000094 0.731406 -0.681906
vn 0.000094 0.731344 -0.681969
vn 0.000250 0.731219 -0.682125
vn 0.000188 0.731344 -0.682000
vn 0.000000 0.731344 0.681969
vn -0.000063 0.731313 0.682000
vn -0.000063 0.731344 0.681969
vn -1.000000 0.000000 0.000000
vn -0.999969 0.000000 0.000000
vn -0.000031 0.731188 0.682156
vn -0.000063 0.731375 0.681938
vn 1.000000 0.000000 0.000000
vn 0.999969 0.000000 0.000000
vn 0.000000 0.731219 0.682125
vn -0.634125 -0.000000 0.773188
vn -0.696500 -0.000000 0.717500
vn -0.719344 -0.000000 0.694625
vn -0.000094 0.731313 -0.682000
vn -0.000156 0.731188 -0.682156
vn 0.000000 0.731469 -0.681844
vn -0.157469 0.417125 0.895094
vn -0.112781 0.225594 0.967656
vn 0.019188 0.465094 0.885031
vn -0.068094 0.497219 0.864937
vn -0.112906 0.530781 0.839906
vn -0.017687 0.666875 0.744937
vn -0.014781 0.686656 0.726781
vn -0.040375 0.663063 0.747437
vn -0.033687 0.559594 0.828031
vn -0.033687 0.559594 0.828062
vn 0.980438 -0.000406 -0.196719
vn 0.991844 -0.000063 -0.127219
vn 0.985844 0.000094 -0.167625
vn -0.112906 0.530781 0.839938
vn -0.114250 0.334656 0.935375
vn 0.000312 0.731406 0.681906
vn -0.125531 0.521312 0.844063
vn 0.233344 0.539531 -0.808969
vn 0.270656 0.415844 -0.868187
vn 0.156875 0.582313 -0.797656
vn 0.146281 0.007219 0.989187
vn 0.146906 0.007094 0.989094
vn 0.287844 0.004969 0.957656
vn 0.261500 -0.002750 0.965187
vn -0.000031 0.731313 0.682031
vn -0.000219 0.731469 0.681844
vn 0.357281 0.350719 -0.865625
vn 0.420938 0.293063 -0.858437
vn 0.279875 0.000000 -0.960031
vn 0.242000 0.000000 -0.970250
vn 0.000312 0.731344 0.681969
vn 0.000063 0.731406 0.681906
vn 0.000281 0.731375 0.681969
vn -0.099594 0.621562 -0.776969
vn 0.000000 0.877969 -0.478656
vn 0.000000 0.914750 -0.403969
vn 0.000000 0.834781 -0.550531
vn 0.000000 0.794500 -0.607250
vn 0.000000 0.777687 -0.628625
vn 0.000000 0.742594 -0.669688
vn -0.937531 -0.000063 0.347844
vn -0.943625 -0.000281 0.330938
vn -0.931000 0.000188 0.364938
vn 0.765688 0.000000 -0.643156
vn 0.802094 0.000000 -0.597156
vn 0.824250 0.000000 -0.566188
vn 0.000000 0.941656 -0.336531
vn 0.672094 0.000000 -0.740438
vn 0.633313 0.000000 -0.773875
vn 0.627781 0.000000 -0.778375
vn 0.597156 0.000000 -0.802094
vn 0.564781 0.000000 -0.825219
vn -0.160125 0.438219 0.884469
vn 0.137906 0.602844 0.785812
vn 0.008406 0.721313 0.692531
vn 0.101625 0.598312 0.794750
vn -0.773188 -0.000000 0.634125
vn 0.962875 -0.000656 0.269812
vn 0.941312 -0.000094 0.337469
vn 0.958250 -0.000219 0.285812
vn -0.881469 -0.000000 0.472219
vn -0.822219 -0.000000 0.569125
vn -0.840469 -0.000000 0.541812
vn 0.997375 -0.000344 -0.072125
vn 0.994062 -0.000063 -0.108562
vn -0.929656 -0.000000 0.368406
vn -0.916875 -0.000000 0.399125
vn -0.957187 -0.000000 0.289375
vn -0.980844 -0.000000 0.194688
vn 0.215438 0.252562 0.943250
vn 0.157562 0.450375 0.878812
vn -0.995156 0.000000 -0.098219
vn -0.980844 0.000000 -0.194688
vn 0.933281 0.001438 0.359094
vn 0.206906 0.513188 0.832937
vn -0.472219 -0.000000 0.881469
vn -0.567469 -0.000000 0.823375
vn -0.540937 -0.000000 0.841031
vn 0.242406 0.405094 0.881531
vn 0.269406 0.162125 0.949250
vn -0.241437 0.006844 -0.970375
vn -0.188219 -0.001937 -0.982094
vn -0.188250 -0.001937 -0.982094
vn -0.534312 0.090656 0.840375
vn -0.447188 0.018938 0.894219
vn -0.424844 0.179125 0.887344
vn -0.193188 -0.022531 -0.980875
vn -0.212125 -0.074219 -0.974406
vn -0.380844 0.316750 0.868656
vn 0.337281 0.338875 0.878250
vn 0.357375 0.236844 0.903406
vn -0.192500 0.142219 -0.970906
vn -0.267344 0.058625 -0.961781
vn -0.167531 0.217281 -0.961594
vn -0.151625 0.093219 -0.984000
vn 0.000031 0.731375 -0.681938
vn 0.999969 0.001094 0.005594
vn 0.999594 0.000375 0.028406
vn 0.999875 0.000813 0.015500
vn 0.488375 0.140469 -0.861219
vn 0.447969 0.094687 -0.889000
vn 0.999969 0.002219 0.001469
vn -0.000125 0.731219 -0.682125
vn 0.309656 0.232375 -0.922000
vn 0.230562 0.282531 -0.931125
vn 0.208750 0.408156 -0.888719
vn 0.000000 0.731375 -0.681938
vn 0.000000 0.731406 -0.681906
vn 0.000000 0.731281 -0.682063
vn 0.980531 -0.000781 0.196250
vn 0.973344 -0.000781 0.229281
vn -0.385563 0.104469 0.916719
vn -0.342750 0.033813 0.938781
vn -0.248250 0.218031 0.943812
vn 0.122219 0.566969 -0.814594
vn 0.987031 -0.000156 0.160469
vn 0.251531 0.069375 0.965344
vn 0.290031 0.003156 0.957000
vn 0.993625 -0.000281 0.112687
vn 0.387937 0.021531 0.921406
vn -0.222312 0.293438 -0.929750
vn -0.011875 0.798312 0.602094
vn 0.000000 0.736281 0.676656
vn -0.000406 0.749781 0.661625
vn 0.000000 0.937312 0.348406
vn 0.001438 0.924969 0.380000
vn 0.015094 0.891688 0.452375
vn 0.006844 0.859094 0.511719
vn -0.987031 -0.000156 -0.160469
vn -0.994500 0.000156 -0.104531
vn -0.984563 0.000094 -0.174938
vn -0.973188 -0.000031 -0.229969
vn -0.005094 0.845594 0.533781
vn 0.206719 0.549312 0.809625
vn 0.277312 0.457375 0.844906
vn 0.000031 0.731438 0.681875
vn 0.000000 0.731250 0.682063
vn 0.000063 0.731344 0.682000
vn -0.197000 0.434844 -0.878656
vn 0.354438 0.382094 0.853406
vn -0.212563 0.267625 0.939750
vn 0.928844 0.002906 0.370375
vn 0.923594 0.002250 0.383281
vn 0.926813 0.003062 0.375437
vn 0.927188 -0.000000 0.374500
vn 0.999969 0.002344 0.001187
vn 0.999969 0.002469 0.000906
vn -0.095000 0.632688 -0.768531
vn -0.174281 0.535031 -0.826625
vn 0.993250 -0.000344 0.115750
vn -0.933906 0.005156 -0.357437
vn -0.928688 0.002875 -0.370813
vn -0.927531 0.003156 -0.373688
vn -0.573531 0.000813 -0.819156
vn -0.383156 0.000000 -0.923656
vn -0.372281 0.002188 -0.928094
vn -0.942062 -0.000344 0.335375
vn 0.974531 -0.000219 -0.224219
vn 0.999906 0.001000 -0.011219
vn 0.999844 0.000937 -0.016812
vn 0.969813 -0.000281 -0.243813
vn 0.999969 0.002219 -0.001438
vn 0.999969 0.002281 -0.001219
vn 0.999969 0.002125 -0.001688
vn 0.999969 0.002094 -0.001906
vn 0.999969 0.002344 -0.001031
vn 0.999969 0.002438 -0.000844
vn -0.193156 0.143031 -0.970656
vn -0.220812 0.405437 -0.887031
vn -0.318938 0.145781 -0.936469
vn -0.312250 0.230062 -0.921687
vn -0.974531 -0.000219 0.224219
vn -0.957375 -0.000000 0.288781
vn -0.967719 -0.000406 0.251906
vn 0.016062 -0.000000 0.999844
vn -0.081594 -0.000000 0.996656
vn -0.016062 -0.000000 0.999844
vn -0.277750 0.024844 0.960312
vn -0.980438 -0.000406 0.196719
vn -0.231063 0.124250 0.964938
vn -0.985844 0.000094 0.167625
vn -0.991906 -0.000063 0.126844
vn 0.957344 0.000188 -0.288844
vn 0.970312 0.000781 -0.241812
vn 0.920563 0.000219 -0.390563
vn 0.928500 0.000937 -0.371312
vn 0.928125 0.000844 -0.372219
vn -0.242000 0.000000 -0.970250
vn -0.283219 0.000000 -0.959031
vn 0.941844 -0.000375 -0.336031
vn -0.367813 0.000000 -0.929875
vn -0.310625 0.000000 -0.950500
vn -0.398000 0.000000 -0.917375
vn -0.456594 0.000000 -0.889656
vn -0.597156 0.000000 -0.802094
vn -0.640625 0.000000 -0.767812
vn -0.649500 0.000000 -0.760344
vn 0.920969 0.001000 -0.389562
vn 0.933125 0.000875 -0.359469
vn 0.926656 0.001094 -0.375844
vn -0.564000 0.000000 -0.825750
vn -0.685281 0.000000 -0.728250
vn 0.920031 0.000219 -0.391813
vn -0.999969 -0.000000 0.002344
vn -0.000031 0.734469 -0.678594
vn -0.999844 -0.000156 0.017594
vn -0.973562 -0.000063 -0.228281
vn 0.014937 0.714625 -0.699313
vn 0.000000 0.731313 0.682000
vn 0.123062 0.533906 -0.836500
vn 0.000125 0.731375 0.681938
vn 0.000094 0.731375 0.681938
vn 0.000156 0.731406 0.681906
vn 0.988656 0.000000 -0.150125
vn 0.976250 0.000000 -0.216531
vn 0.981469 0.000344 -0.191531
vn 0.995594 0.000000 -0.093656
vn 0.966906 -0.000312 -0.255062
vn 0.898469 0.000406 0.439000
vn 0.904875 0.020844 0.425125
vn 0.902375 0.015812 0.430594
vn -0.218094 0.194906 0.956250
vn 0.993375 -0.000000 0.114875
vn 0.996656 -0.000000 0.081500
vn -0.210313 0.525125 -0.824594
vn -0.112812 0.225594 0.967656
vn 0.980500 -0.000000 0.196469
vn -0.311156 0.378344 -0.871781
vn 0.881063 0.000031 0.472969
vn 0.880687 0.000063 0.473687
vn 0.882250 -0.000000 0.470750
vn 0.924062 -0.000000 0.382219
vn 0.880219 0.000125 0.474531
vn 0.831469 -0.000000 0.555531
vn -0.998688 -0.000219 0.050656
vn -0.994094 -0.000094 0.108219
vn 0.885250 -0.000000 0.465062
vn -0.997375 -0.000406 0.072062
vn -0.924094 0.002125 -0.382062
vn -0.112875 0.225594 0.967656
vn 0.554250 -0.000000 0.832313
vn 0.647313 -0.000000 0.762187
vn 0.620750 -0.000000 0.783969
vn -0.162000 0.069719 0.984312
vn -0.162031 0.069750 0.984312
vn -0.247688 0.014156 0.968719
vn 0.458031 -0.000000 0.888906
vn 0.486250 -0.000000 0.873781
vn 0.398656 -0.000000 0.917063
vn 0.000000 0.939687 0.341938
vn -0.072938 0.247844 0.966031
vn -0.075813 0.226375 0.971062
vn -0.999875 0.000500 -0.015375
vn -0.999438 0.000438 -0.032875
vn 0.194688 -0.000000 0.980844
vn 0.288875 -0.000000 0.957344
vn 0.000000 0.939844 0.341563
vn 0.000000 0.939844 0.341594
vn -0.161406 0.072531 0.984187
vn -0.156563 0.093344 0.983219
vn 0.000000 0.939156 0.343469
vn 0.000000 0.939125 0.343500
vn 0.114875 -0.000000 0.993375
vn 0.081500 -0.000000 0.996656
vn 0.000000 0.944281 -0.329031
vn 0.935344 0.000031 -0.353687
vn 0.939875 0.000344 -0.341437
vn 0.994687 0.000000 -0.102750
vn 0.988125 -0.000063 0.153563
vn 0.975406 -0.000188 0.220313
vn 0.941406 -0.000000 0.337219
vn 0.999000 0.000000 -0.044500
vn 0.999969 -0.000125 -0.005000
vn 0.999000 -0.000156 -0.044312
vn 0.999000 0.000000 -0.044625
vn 0.999906 0.000312 0.012875
vn 0.998781 -0.000312 0.048906
vn 0.998719 -0.000312 0.050094
vn -0.158312 -0.005281 0.987344
vn -0.251969 0.007656 0.967687
vn -0.155594 0.007781 0.987781
vn 0.954375 0.000344 -0.298562
vn -0.968250 -0.000781 -0.249938
vn -0.968313 -0.002781 -0.249625
vn -0.991156 -0.000906 -0.132469
vn -0.143156 0.094969 0.985125
vn -0.986625 0.000719 -0.162844
vn -0.162000 0.069750 0.984312
vn -0.968594 -0.000750 -0.248562
vn -0.938000 -0.000125 -0.346594
vn -0.921063 0.000375 -0.389375
vn -0.968344 -0.000719 -0.249563
vn -0.968375 -0.000750 -0.249406
vn -0.968313 -0.000719 -0.249656
vn 0.831781 0.000063 0.555062
vn 0.738500 0.000250 0.674219
vn 0.841281 -0.000125 0.540563
vn -0.998750 -0.001000 -0.049875
vn -0.999937 -0.000344 0.010094
vn -0.998656 -0.000969 -0.051594
vn 0.914875 -0.000188 0.403719
vn -0.999000 -0.000000 0.044500
vn -0.999094 -0.000000 0.041875
vn 0.703687 -0.000406 0.710469
vn -0.995313 -0.000000 0.096437
vn 0.999969 0.000719 0.004875
vn 0.999937 -0.000000 0.009781
vn -0.919375 0.000469 -0.393313
vn -0.921750 0.000844 -0.387719
vn -0.923219 0.001156 -0.384219
vn -0.926656 0.002094 -0.375875
vn -0.925313 0.001719 -0.379187
vn -0.928781 0.002906 -0.370531
vn -0.934125 0.005281 -0.356813
vn -0.927469 0.000188 -0.373844
vn -0.924750 0.000000 -0.380500
vn -0.934844 -0.000031 -0.355031
vn 0.594156 0.000375 0.804344
vn 0.550375 -0.000500 0.834875
vn 0.000000 0.939438 0.342656
vn 0.000000 0.939500 0.342531
vn -0.364344 0.010375 -0.931188
vn -0.396406 0.013781 -0.917938
vn 0.000000 0.939969 0.341188
vn 0.000094 0.939875 0.341469
vn 0.000063 0.939500 0.342500
vn 0.000125 0.939625 0.342156
vn 0.000219 0.939375 0.342844
vn -0.995125 -0.000188 -0.098469
vn 0.922562 -0.000000 0.385812
vn 0.927469 0.000156 0.373875
vn 0.940594 -0.000156 0.339438
vn 0.242000 -0.000000 0.970250
vn 0.303375 -0.000000 0.952844
vn 0.968250 -0.000781 0.249938
vn 0.968313 -0.002750 0.249594
vn 0.990094 -0.000531 0.140281
vn 0.528844 -0.000000 0.848688
vn 0.470844 -0.000000 0.882187
vn 0.986500 0.000687 0.163625
vn 0.968313 -0.000719 0.249656
vn 0.946719 -0.000156 0.321969
vn 0.597156 -0.000000 0.802094
vn 0.640156 -0.000000 0.768219
vn 0.646312 -0.000000 0.763031
vn 0.934094 0.005219 0.356906
vn 0.929000 0.002969 0.370031
vn 0.743594 -0.000000 0.668594
vn 0.695594 -0.000000 0.718406
vn 0.718406 -0.000000 0.695594
vn 0.927188 0.002281 0.374531
vn 0.925469 0.001781 0.378719
vn 0.923125 0.001156 0.384438
vn 0.921656 0.000844 0.387937
vn 0.919406 0.000469 0.393250
vn 0.258250 0.007000 0.966031
vn 0.261531 -0.002750 0.965156
vn 0.998625 -0.000312 0.051812
vn 0.106219 0.223250 0.968938
vn 0.235656 0.208719 0.949125
vn 0.957031 -0.000000 0.289969
vn 0.980781 -0.000000 0.195031
vn -0.991375 -0.000000 0.130938
vn -0.918063 0.000656 0.396375
vn -0.924187 0.000719 0.381844
vn -0.926719 0.000562 0.375688
vn -0.924187 0.000719 0.381906
vn -0.000125 0.938844 0.344312
vn -0.919469 0.000125 0.393094
vn -0.927312 0.000344 0.374250
vn -0.976250 -0.000000 0.216562
vn -0.980406 0.000375 0.196844
vn -0.988656 -0.000000 0.150125
vn -0.957344 0.000156 0.288844
vn -0.941938 -0.000406 0.335781
vn -0.966937 -0.000312 0.254937
vn -0.957344 0.000000 -0.288875
vn -0.970312 0.000781 0.241812
vn -0.929969 0.000000 -0.367531
vn -0.862344 -0.000000 0.506281
vn -0.879219 -0.000000 0.476375
vn -0.887344 -0.000000 0.461031
vn -0.695875 0.000000 -0.718125
vn -0.634125 0.000000 -0.773188
vn 0.144969 0.152750 0.977562
vn -0.000875 0.940594 0.339500
vn 0.232875 0.135125 0.963063
vn -0.569125 0.000000 -0.822219
vn 0.261562 -0.002750 0.965156
vn 0.929969 0.000750 -0.367625
vn 0.283469 0.107625 -0.952906
vn -0.975406 -0.000188 0.220313
vn -0.988125 -0.000063 0.153563
vn -0.941406 -0.000000 0.337219
vn 0.179469 0.345406 -0.921094
vn 0.062188 0.001969 0.998031
vn 0.361313 0.001531 0.932437
vn 0.369969 0.001625 0.929031
vn 0.208094 0.000687 0.978094
vn -0.528188 0.247156 0.812344
vn -0.651438 0.086281 0.753750
vn -0.531875 0.171625 0.829219
vn 0.018375 0.000656 0.999812
vn 0.140594 0.448781 -0.882469
vn -0.140563 0.001250 0.990062
vn -0.220781 0.002438 0.975312
vn -0.426750 0.302563 0.852219
vn -0.544156 0.002563 0.838969
vn -0.400281 0.002688 0.916375
vn 0.398937 0.037219 -0.916188
vn -0.541937 0.000719 0.840406
vn -0.911687 0.016719 0.410469
vn -0.731156 0.025781 0.681687
vn -0.610375 0.019188 0.791844
vn -0.674406 0.000687 0.738344
vn -0.723906 0.000375 0.689844
vn -0.330594 0.000500 0.943750
vn -0.914875 -0.000188 0.403719
vn -0.999969 -0.000000 0.007250
vn -0.999969 -0.000000 0.002375
vn -0.393500 0.204063 -0.896375
vn 0.410437 0.000469 0.911875
vn 0.194781 -0.000000 0.980812
vn 0.337687 0.007688 -0.941219
vn -0.740406 -0.000000 0.672125
vn -0.701688 -0.000000 0.712469
vn -0.694188 -0.000000 0.719750
vn 0.223844 0.211562 -0.951375
vn 0.112656 0.248875 -0.961937
vn -0.861625 0.000031 0.507500
vn -0.821844 -0.000281 0.569656
vn -0.999969 0.001219 -0.000438
vn -0.999969 0.001187 -0.000531
vn -0.470844 -0.000000 0.882187
vn -0.376719 -0.000000 0.926313
vn -0.415469 -0.000000 0.909594
vn -0.624094 0.032781 0.780625
vn 0.143094 0.080250 -0.986437
vn 0.172094 0.102031 -0.979750
vn 0.176344 0.105187 -0.978688
vn 0.116906 0.161250 -0.979937
vn -0.242000 -0.000000 0.970250
vn 0.091844 0.265844 -0.959625
vn 0.272219 0.015719 -0.962094
vn 0.176313 0.105219 -0.978688
vn 0.190656 0.055188 -0.980094
vn -0.403281 0.327125 -0.854563
vn -0.339969 0.404125 -0.849156
vn 0.203125 0.009937 -0.979094
vn -0.926625 0.002094 -0.375937
vn -0.925125 0.001656 -0.379625
vn -0.921844 0.001688 -0.387469
vn -0.999969 0.001156 -0.000625
vn -0.999969 0.001094 -0.000844
vn -0.999969 0.000156 -0.006469
vn -0.547188 0.022469 0.836688
vn 0.904063 0.000188 -0.427344
vn 0.861156 0.000000 -0.508313
vn 0.902500 0.014719 -0.430406
vn -0.999969 0.001125 -0.000750
vn 0.924719 0.002156 -0.380563
vn 0.895594 0.000156 -0.444813
vn 0.201188 0.009469 -0.979500
vn 0.886594 0.000000 -0.462469
vn 0.186219 0.005813 -0.982469
vn 0.993375 -0.000000 0.114688
vn 0.996656 -0.000000 0.081625
vn 0.927594 0.001187 -0.373563
vn -0.959156 -0.000188 -0.282813
vn -0.958250 -0.000219 -0.285812
vn 0.904281 0.023656 -0.426187
vn 0.925125 0.001719 -0.379625
vn -0.496938 0.005219 0.867750
vn 0.719938 0.000000 -0.694000
vn 0.773938 0.000000 -0.633219
vn 0.871094 0.000125 -0.491094
vn 0.863125 0.018437 -0.504625
vn 0.885000 0.000031 -0.465531
vn 0.871063 0.000125 -0.491125
vn 0.830875 0.000000 -0.556406
vn 0.881813 0.000000 -0.471531
vn 0.917969 0.000000 -0.396594
vn -0.597156 -0.000000 0.802094
vn -0.564000 -0.000000 0.825750
vn -0.529906 -0.000000 0.848031
vn -0.627750 -0.000000 0.778375
vn -0.347125 0.007438 0.937781
vn 0.098219 0.000000 -0.995156
vn 0.000000 0.000000 -0.999969
vn -0.894500 0.000375 -0.447031
vn -0.907906 0.015875 -0.418781
vn -0.902906 0.000438 -0.429781
vn 0.194688 0.000000 -0.980844
vn 0.331469 0.413750 -0.847875
vn 0.290563 0.000000 -0.956844
vn -0.883594 0.000063 -0.468219
vn -0.878563 0.000000 -0.477562
vn 0.366469 0.000000 -0.930406
vn 0.877750 0.000000 -0.479062
vn -0.194312 0.000000 -0.980906
vn -0.098219 0.000000 -0.995156
vn 0.377969 0.005750 0.925781
vn 0.296156 -0.000000 0.955125
vn -0.776125 -0.000000 0.630531
vn -0.806906 -0.000000 0.590625
vn -0.833594 -0.000000 0.552312
vn -0.781187 -0.000000 0.624250
vn -0.995156 -0.000000 0.098219
vn 0.552500 0.004375 -0.833469
vn 0.622063 0.024469 -0.782562
vn 0.657219 0.001750 -0.753688
vn -0.273250 -0.000000 0.961937
vn -0.194312 -0.000000 0.980906
vn -0.305438 -0.000000 0.952187
vn -0.383812 -0.000000 0.923375
vn 0.435813 0.009375 -0.899969
vn 0.528344 0.020594 -0.848750
vn 0.520844 0.179344 -0.834562
vn 0.433937 0.288281 0.853562
vn 0.905094 0.022813 0.424563
vn 0.923406 0.001031 -0.383781
vn 0.407375 0.279469 0.869406
vn -0.933469 0.001500 -0.358594
vn -0.933031 0.005469 -0.359656
vn -0.927125 0.000250 -0.374687
vn 0.000000 0.000719 -0.999969
vn 0.162469 -0.000500 -0.986687
vn 0.066406 0.001688 -0.997781
vn -0.256781 0.007469 -0.966406
vn -0.158219 0.001031 -0.987375
vn 0.999969 0.000781 -0.004719
vn 0.425844 0.165375 0.889531
vn 0.000000 0.945594 -0.325312
vn 0.382969 0.000000 -0.923750
vn 0.470844 0.000000 -0.882187
vn 0.531500 0.000000 -0.847031
vn 0.311063 0.000000 -0.950375
vn -0.335562 0.008000 -0.941969
vn -0.259062 0.007781 -0.965813
vn 0.190719 0.000000 -0.981625
vn 0.178531 0.000000 -0.983906
vn -0.934125 0.005469 -0.356813
vn 0.147563 0.000000 -0.989031
vn 0.523562 0.012563 0.851875
vn 0.450344 0.020531 0.892594
vn 0.000000 0.945469 -0.325625
vn 0.000000 0.945469 -0.325656
vn 0.000000 0.944938 -0.327219
vn 0.480594 0.017594 0.876750
vn 0.698156 0.000000 -0.715906
vn 0.723344 0.000000 -0.690469
vn 0.755656 0.000000 -0.654906
vn 0.000000 0.945844 -0.324531
vn 0.000000 0.945500 -0.325594
vn 0.000000 0.945844 -0.324562
vn -0.916094 0.001094 -0.400937
vn -0.415781 0.028875 -0.909000
vn -0.883250 0.000312 -0.468875
vn -0.456094 0.003969 -0.889906
vn -0.911000 0.017188 -0.412000
vn 0.397969 -0.000000 0.917375
vn -0.491906 0.176563 -0.852531
vn 0.881219 0.000281 0.472688
vn 0.302188 0.004156 -0.953219
vn 0.108438 0.000000 -0.994094
vn 0.069031 0.000000 -0.997594
vn -0.568687 0.001438 -0.822531
vn -0.523469 0.016188 -0.851875
vn 0.000000 0.000000 -1.000000
vn 0.526875 0.150063 0.836563
vn -0.098187 0.000000 -0.995156
vn -0.183437 0.000000 -0.983000
vn -0.164281 0.000000 -0.986406
vn 0.530937 0.055188 0.845594
vn -0.485000 0.000000 -0.874500
vn -0.529906 0.000000 -0.848031
vn -0.738469 0.000219 -0.674250
vn -0.680656 0.000594 -0.732594
vn -0.841250 -0.000125 -0.540594
vn -0.713406 0.000000 -0.700719
vn -0.740438 0.000000 -0.672125
vn -0.918469 0.001688 -0.395406
vn 0.620750 0.035250 0.783188
vn 0.996656 0.000000 -0.081500
vn 0.993375 0.000000 -0.114875
vn 0.000000 0.945031 -0.326906
vn 0.000000 0.944875 -0.327344
vn 0.956688 -0.000000 0.291063
vn -0.890094 0.000000 -0.455750
vn 0.783375 -0.000000 0.621500
vn -0.000031 0.945687 -0.324969
vn 0.000000 0.945781 -0.324781
vn 0.000031 0.945750 -0.324813
vn 0.568250 0.184312 0.801938
vn -0.429844 0.309750 -0.848063
vn -0.999969 0.000406 -0.003563
vn -0.776125 0.000000 -0.630531
vn -0.806500 0.000000 -0.591219
vn -0.833406 0.000000 -0.552625
vn -0.858437 0.000000 -0.512875
vn -0.597781 0.037625 -0.800750
vn -0.975406 -0.000188 -0.220344
vn -0.914844 -0.000188 -0.403750
vn -0.941406 0.000000 -0.337219
vn -0.988125 -0.000031 -0.153563
vn 0.190719 -0.000000 0.981625
vn 0.178531 -0.000000 0.983906
vn 0.147563 -0.000000 0.989031
vn -0.549125 0.188500 -0.814188
vn 0.999937 0.000000 -0.009781
vn 0.367813 -0.000000 0.929875
vn 0.927938 -0.000125 -0.372687
vn 0.975406 -0.000188 -0.220344
vn 0.988125 -0.000031 -0.153594
vn 0.995156 0.000000 -0.098187
vn 0.751875 0.000063 -0.659281
vn 0.841250 -0.000125 -0.540594
vn 0.850531 -0.000125 -0.525875
vn 0.563469 -0.000000 0.826094
vn 0.980781 0.000000 -0.195031
vn 0.585312 -0.000125 -0.810781
vn 0.696125 -0.000281 -0.717875
vn 0.961688 0.000000 -0.274031
vn -0.657219 0.001750 -0.753656
vn 0.777969 -0.000000 0.628250
vn 0.802094 -0.000000 0.597156
vn 0.923656 0.000000 -0.383156
vn 0.923750 0.000000 -0.382969
vn 0.602344 0.028531 0.797687
vn 0.640031 0.004188 0.768313
vn 0.675219 0.027406 0.737063
vn -0.917063 0.000000 -0.398656
vn -0.731531 0.025875 -0.681281
vn -0.677813 0.001812 -0.735219
vn -0.881063 0.000000 -0.472969
vn -0.830906 0.000000 -0.556406
vn -0.773938 0.000000 -0.633219
vn 0.927094 0.002250 0.374781
vn 0.925250 0.001719 0.379281
vn 0.920438 0.001719 0.390812
vn -0.719938 0.000000 -0.694000
vn -0.781187 0.000000 -0.624250
vn 0.540531 0.000188 -0.841281
vn -0.541812 0.000000 -0.840469
vn -0.514375 0.002937 -0.857531
vn -0.485312 0.000000 -0.874313
vn -0.456062 0.000000 -0.889906
vn -0.382219 0.000000 -0.924062
vn -0.831781 0.000063 -0.555094
vn -0.306563 0.000000 -0.951844
vn -0.275531 0.000000 -0.961281
vn 0.108438 -0.000000 0.994094
vn 0.069063 -0.000000 0.997594
vn 0.396281 0.001500 -0.918094
vn 0.361313 0.001469 -0.932406
vn -0.670406 -0.000000 0.741969
vn 0.914625 0.001063 0.404250
vn 0.267594 0.001531 -0.963500
vn 0.675250 0.112469 0.728938
vn 0.722625 0.028188 0.690656
vn 0.352219 0.000000 -0.935906
vn -0.337312 -0.000000 0.941375
vn -0.307156 -0.000000 0.951625
vn -0.199594 -0.000000 0.979875
vn -0.156750 -0.000000 0.987625
vn -0.273219 -0.000000 0.961937
vn -0.209813 0.002719 -0.977719
vn 0.675500 0.220375 -0.703625
vn -0.114750 -0.000000 0.993375
vn 0.742250 -0.001625 0.670094
vn -0.999937 0.000000 -0.008594
vn 0.871031 0.000125 -0.491188
vn 0.858875 0.000000 -0.512156
vn 0.819406 0.031375 0.572344
vn 0.000063 0.945406 -0.325875
vn 0.000000 0.945656 -0.325125
vn 0.823844 0.000125 -0.566781
vn 0.418094 0.320031 -0.850125
vn 0.887281 0.000031 0.461188
vn 0.873062 -0.000000 0.487563
vn 0.868438 0.000500 0.495781
vn 0.762812 -0.000000 0.646594
vn 0.859563 0.000031 0.510969
vn 0.802750 -0.000000 0.596281
vn 0.708031 -0.000000 0.706156
vn 0.825437 -0.000000 0.564438
vn -0.253812 0.007938 0.967188
vn 0.929875 -0.000000 0.367813
vn 0.555531 0.000000 -0.831469
vn 0.470781 0.000000 -0.882219
vn 0.634125 0.000000 -0.773188
vn 0.112625 0.248875 -0.961937
vn 0.881000 -0.000000 0.473094
vn 0.111687 0.529906 -0.840625
vn 0.111719 0.529906 -0.840625
vn 0.917375 -0.000000 0.397969
vn 0.112062 0.514375 -0.850187
vn 0.367531 -0.000000 0.930000
vn 0.112656 0.248844 -0.961937
vn -0.929313 0.000156 0.369250
vn -0.669469 0.091219 -0.737188
vn -0.920781 0.004062 0.389969
vn -0.900344 0.000188 0.435125
vn -0.906750 0.000188 0.421625
vn 0.066031 0.625469 -0.777406
vn -0.889219 0.016313 -0.457125
vn -0.888125 -0.000000 0.459563
vn 0.100031 0.521312 -0.847469
vn 0.081469 0.573969 -0.814812
vn 0.695875 0.000000 -0.718125
vn -0.886281 0.000125 -0.463125
vn -0.885219 -0.000094 -0.465125
vn -0.055375 0.396094 -0.916531
vn -0.843094 0.035312 -0.536594
vn 0.930406 0.000000 -0.366469
vn 0.952062 0.000000 -0.305844
vn 0.961375 0.000000 -0.275187
vn -0.000188 0.731219 -0.682094
vn 0.002281 0.727063 -0.686531
vn 0.003000 0.713094 -0.701031
vn -0.915594 0.002219 -0.402031
vn 0.977156 0.000000 -0.212469
vn 0.983563 0.000000 -0.180406
vn -0.923750 0.000000 -0.382969
vn -0.917656 0.000656 0.397344
vn -0.957031 0.000000 -0.289969
vn -0.922188 0.000687 0.386656
vn -0.995156 0.000000 -0.098187
vn -0.980781 0.000000 -0.195031
vn -0.999844 0.000000 -0.016188
vn -0.999844 -0.000000 0.016188
vn -0.995156 -0.000000 0.098187
vn 0.011719 0.661188 -0.750125
vn 0.012500 0.668781 -0.743312
vn -0.140250 0.262062 -0.954781
vn -0.138313 0.284938 -0.948500
vn 0.396594 0.000000 -0.917969
vn 0.007156 0.513125 -0.858250
vn 0.014344 0.687344 -0.726156
vn 0.016188 0.676031 -0.736656
vn 0.952062 0.000000 -0.305813
vn 0.033687 0.559594 -0.828062
vn -0.980781 -0.000000 0.195031
vn -0.957031 -0.000000 0.289969
vn -0.000125 0.731313 -0.682000
vn 0.948812 0.000531 -0.315750
vn -0.000094 0.731281 -0.682031
vn -0.917375 -0.000000 0.397969
vn -0.929875 -0.000000 0.367813
vn 0.000031 0.731375 -0.681969
vn 0.000031 0.731406 -0.681906
vn -0.000063 0.731313 -0.682000
vn -0.897719 0.016875 0.440188
vn -0.793406 0.030063 0.607938
vn -0.875625 0.000406 0.482969
vn -0.858563 -0.000000 0.512656
vn -0.887969 0.000063 0.459844
vn -0.801781 -0.352219 0.482719
vn -0.334656 0.426094 0.840469
vn 0.653875 0.118313 -0.747281
vn 0.731250 0.019875 -0.681781
vn 0.677906 0.001719 -0.735125
vn -0.070094 0.604281 -0.793656
vn -0.045187 0.546250 -0.836375
vn -0.043719 0.546031 -0.836594
vn -0.044844 0.550281 -0.833750
vn -0.742562 0.006500 0.669719
vn -0.004219 0.716000 -0.698062
vn -0.016687 0.671875 -0.740469
vn 0.927281 0.000687 0.374344
vn -0.026500 0.627906 -0.777812
vn -0.016937 0.666937 -0.744906
vn -0.246969 0.389937 0.887062
vn -0.070094 0.604312 -0.793625
vn -0.070094 0.604281 -0.793625
vn 0.933844 0.005094 0.357594
vn -0.199219 0.510656 0.836344
vn 0.933719 0.005406 0.357875
vn -0.065594 0.426625 -0.902031
vn -0.081375 0.205563 -0.975219
vn -0.101375 0.228969 -0.968125
vn -0.089594 0.233125 -0.968281
vn -0.348625 0.339531 0.873563
vn -0.262437 0.460031 0.848219
vn -0.926875 0.000406 0.375344
# 845 normals

o Object_2
usemtl default
f 1//2 2//2 3//1
f 2//2 4//1 3//1
f 1318//4 1194//3 5//3
f 1318//4 5//3 6//5
f 7//6 8//6 9//6
f 10//6 11//6 7//6
f 12//6 13//6 14//7
f 13//6 15//7 14//7
f 16//6 14//7 15//7
f 17//6 16//6 15//7
f 18//10 19//9 20//8
f 21//12 20//8 22//11
f 23//15 24//14 25//13
f 24//14 26//16 25//13
f 27//19 28//18 29//17
f 30//1 31//1 32//1
f 32//1 31//1 33//1
f 34//1 33//1 35//2
f 36//21 37//20 28//18
f 38//23 39//22 20//8
f 23//15 25//13 36//21
f 40//25 41//24 42//24
f 41//24 40//25 43//26
f 44//27 40//25 45//24
f 42//24 45//24 40//25
f 29//17 28//18 37//20
f 36//21 25//13 37//20
f 25//13 26//16 46//28
f 20//8 21//12 38//23
f 25//13 46//28 40//25
f 21//12 47//29 38//23
f 40//25 46//28 43//26
f 47//29 48//30 38//23
f 49//33 50//32 51//31
f 52//34 38//23 48//30
f 50//32 53//35 51//31
f 29//17 54//37 55//36
f 56//40 57//39 58//38
f 27//19 29//17 55//36
f 11//6 59//7 7//6
f 8//6 7//6 59//7
f 60//6 11//6 10//6
f 56//40 61//42 62//41
f 48//30 63//43 61//42
f 64//44 61//42 63//43
f 57//39 56//40 62//41
f 40//25 65//46 66//45
f 67//47 66//45 65//46
f 40//25 44//27 65//46
f 68//48 69//48 1463//48
f 70//48 71//49 1463//48
f 72//51 73//50 67//47
f 66//45 67//47 73//50
f 74//48 70//48 1463//48
f 1187//49 1120//48 1463//48
f 75//48 76//48 1463//48
f 1463//48 77//48 1187//49
f 78//48 79//48 80//49
f 1325//48 78//48 81//48
f 81//48 78//48 80//49
f 1104//52 1135//52 1141//52
f 1104//52 1141//52 894//53
f 894//53 1217//52 1104//52
f 1119//52 1156//52 1153//52
f 887//52 1156//52 1119//52
f 1088//52 1366//52 1156//52
f 1366//52 1104//52 1156//52
f 79//48 82//48 80//49
f 83//48 79//48 78//48
f 84//6 85//6 86//7
f 85//6 87//6 86//7
f 88//6 86//7 87//6
f 87//6 89//6 88//6
f 90//6 88//6 89//6
f 1104//52 1092//53 1135//52
f 91//6 88//6 92//6
f 93//48 80//49 82//48
f 93//48 82//48 94//48
f 1104//52 1217//52 1153//52
f 1250//52 1223//52 1217//52
f 1104//52 1153//52 1156//52
f 95//48 75//48 1120//48
f 1223//52 1153//52 1217//52
f 1463//48 1120//48 75//48
f 96//52 97//53 1092//53
f 1104//52 96//52 1092//53
f 1206//52 1135//52 1092//53
f 98//48 99//49 1463//48
f 99//49 68//48 1463//48
f 76//48 100//48 1463//48
f 101//7 84//6 102//6
f 10//6 101//7 60//6
f 102//6 60//6 101//7
f 86//7 102//6 84//6
f 88//6 90//6 103//6
f 103//6 92//6 88//6
f 88//6 91//6 104//6
f 88//6 104//6 105//6
f 88//6 105//6 106//6
f 107//6 108//6 106//6
f 88//6 106//6 108//6
f 109//49 98//48 1463//48
f 100//48 109//49 1463//48
f 110//51 111//54 72//51
f 69//48 74//48 1463//48
f 112//49 77//48 1463//48
f 904//48 1187//49 77//48
f 113//48 112//49 1463//48
f 1325//48 81//48 1463//48
f 81//48 113//48 1463//48
f 1262//3 1154//3 1150//3
f 1148//3 1150//3 1154//3
f 114//57 115//56 116//55
f 117//60 118//59 119//58
f 120//62 121//62 122//61
f 123//64 53//35 124//63
f 123//64 125//65 122//61
f 123//64 122//61 53//35
f 126//7 127//7 128//6
f 129//7 128//6 127//7
f 130//6 131//6 132//6
f 133//6 128//6 134//6
f 53//35 135//67 136//66
f 137//68 135//67 53//35
f 124//63 53//35 138//69
f 138//69 53//35 139//70
f 139//70 53//35 136//66
f 140//73 1363//72 1295//71
f 125//65 141//74 122//61
f 142//62 120//62 122//61
f 143//75 142//62 122//61
f 141//74 143//75 122//61
f 144//76 137//68 50//32
f 51//31 53//35 145//77
f 145//77 53//35 122//61
f 50//32 137//68 53//35
f 146//80 147//79 148//78
f 149//1 150//2 151//2
f 1465//83 1420//82 152//81
f 153//84 1465//83 152//81
f 154//86 111//54 155//85
f 147//79 156//88 157//87
f 158//90 159//90 160//89
f 111//54 161//92 162//91
f 162//91 163//93 50//32
f 38//23 52//34 164//94
f 1159//52 1149//53 1238//52
f 1421//52 1149//53 1159//52
f 1149//53 1220//52 1238//52
f 1220//52 1092//53 1238//52
f 151//2 150//2 165//1
f 154//86 161//92 111//54
f 163//93 162//91 161//92
f 166//96 167//96 168//95
f 144//76 50//32 163//93
f 169//6 134//6 170//6
f 128//6 170//6 134//6
f 128//6 133//6 171//6
f 128//6 171//6 172//6
f 128//6 172//6 173//6
f 173//6 174//6 128//6
f 128//6 174//6 175//6
f 128//6 175//6 176//6
f 176//6 177//6 128//6
f 177//6 126//7 128//6
f 168//95 178//95 179//97
f 168//95 179//97 180//97
f 181//99 182//98 179//97
f 180//97 179//97 182//98
f 181//99 183//100 182//98
f 1167//103 1192//102 1124//101
f 184//6 185//6 1296//6
f 184//6 1296//6 186//6
f 131//6 187//6 188//6
f 188//6 132//6 131//6
f 187//6 1296//6 188//6
f 189//106 190//105 191//104
f 166//96 192//107 167//96
f 178//95 168//95 167//96
f 1138//110 193//109 1200//108
f 194//112 193//109 1414//111
f 129//7 195//6 128//6
f 188//6 1296//6 185//6
f 195//6 130//6 128//6
f 132//6 128//6 130//6
f 1307//48 1106//48 1551//49
f 1266//48 1551//49 1106//48
f 196//6 197//6 198//6
f 199//6 200//7 201//6
f 201//6 202//7 203//6
f 203//6 204//6 205//6
f 1260//48 1263//48 1252//48
f 1103//48 1263//48 1260//48
f 1132//48 1263//48 1103//48
f 1551//49 1252//48 1263//48
f 1229//48 1263//48 1132//48
f 1073//48 1263//48 1229//48
f 1289//48 1263//48 1269//48
f 1284//48 1263//48 1289//48
f 206//6 207//6 186//6
f 208//6 209//6 210//6
f 209//6 205//6 210//6
f 1269//48 1263//48 1271//48
f 1560//48 985//48 1266//48
f 1271//48 1263//48 1073//48
f 1551//49 1266//48 973//48
f 207//6 206//6 211//6
f 208//6 211//6 206//6
f 184//6 186//6 207//6
f 211//6 208//6 210//6
f 985//48 973//48 1266//48
f 212//49 213//49 1263//48
f 1264//48 1263//48 1284//48
f 214//51 155//85 111//54
f 145//77 215//113 51//31
f 73//50 72//51 111//54
f 214//51 111//54 110//51
f 216//116 217//115 218//114
f 1154//3 1262//3 1282//3
f 1265//3 1282//3 1262//3
f 115//56 114//57 219//117
f 220//120 1185//119 1210//118
f 221//123 222//122 223//121
f 1259//125 224//124 1363//72
f 225//127 223//121 226//126
f 226//126 227//128 225//127
f 227//128 228//128 229//129
f 230//131 231//130 29//17
f 232//132 233//132 234//49
f 232//132 235//133 233//132
f 1184//134 1210//118 1185//119
f 216//116 218//114 236//135
f 12//6 198//6 197//6
f 13//6 12//6 197//6
f 199//6 196//6 198//6
f 237//138 238//137 239//136
f 200//7 199//6 240//6
f 237//138 116//55 238//137
f 241//55 238//137 116//55
f 204//6 203//6 202//7
f 202//7 201//6 200//7
f 240//6 199//6 198//6
f 116//55 115//56 241//55
f 210//6 205//6 242//6
f 242//6 205//6 204//6
f 243//48 244//48 1463//48
f 245//140 231//130 246//139
f 246//139 231//130 230//131
f 244//48 247//48 1463//48
f 246//139 230//131 216//116
f 71//49 243//48 1463//48
f 248//143 249//142 250//141
f 251//146 252//145 253//144
f 249//142 1290//147 250//141
f 246//139 216//116 236//135
f 250//141 1290//147 1004//148
f 253//144 254//149 251//146
f 246//139 236//135 255//150
f 256//151 246//139 255//150
f 257//154 258//153 1255//152
f 257//154 1255//152 1121//155
f 961//155 257//154 1121//155
f 117//60 119//58 259//156
f 1288//159 260//158 261//157
f 156//88 262//161 263//160
f 264//162 1288//159 261//157
f 265//163 119//58 118//59
f 266//166 267//165 268//164
f 269//169 270//168 1030//167
f 271//171 1210//118 272//170
f 273//174 274//173 275//172
f 262//161 147//79 268//164
f 276//175 266//166 147//79
f 268//164 147//79 266//166
f 118//59 1030//167 265//163
f 147//79 262//161 156//88
f 271//171 272//170 1181//176
f 245//140 277//178 278//177
f 272//170 279//179 1181//176
f 277//178 245//140 280//180
f 1030//167 270//168 265//163
f 281//181 257//154 18//10
f 1158//184 282//183 283//182
f 284//187 285//186 286//185
f 984//188 285//186 284//187
f 1543//191 1317//190 1544//189
f 1544//189 1201//192 1543//191
f 287//193 1158//184 283//182
f 236//135 218//114 288//194
f 1158//184 287//193 984//188
f 289//195 255//150 236//135
f 991//198 1180//197 290//196
f 236//135 288//194 289//195
f 291//199 281//181 39//22
f 292//200 289//195 288//194
f 215//113 293//201 273//174
f 294//204 295//203 1035//202
f 39//22 38//23 164//94
f 220//120 1210//118 271//171
f 215//113 145//77 122//61
f 1123//205 1184//134 1185//119
f 264//162 969//206 1288//159
f 1288//159 969//206 965//207
f 164//94 52//34 296//208
f 164//94 296//208 297//209
f 260//158 1288//159 279//179
f 39//22 164//94 297//209
f 279//179 1114//210 1181//176
f 279//179 1288//159 1114//210
f 298//213 963//212 1298//211
f 246//139 256//151 245//140
f 299//216 1066//215 1137//214
f 1192//102 1167//103 1427//217
f 280//180 245//140 256//151
f 999//48 300//48 1093//48
f 140//73 1295//71 1329//218
f 1363//72 140//73 1259//125
f 300//48 301//48 1093//48
f 111//54 1180//197 73//50
f 224//124 1259//125 1191//219
f 1093//48 1463//48 999//48
f 996//48 999//48 1463//48
f 978//220 224//124 1191//219
f 1329//218 1295//71 302//221
f 247//48 996//48 1463//48
f 1278//223 1323//222 1191//219
f 1191//219 1323//222 1327//224
f 1191//219 1327//224 1380//225
f 255//150 289//195 292//200
f 1191//219 1380//225 978//220
f 1191//219 1209//227 1063//226
f 1166//228 1255//152 258//153
f 1278//223 1191//219 1063//226
f 281//181 291//199 303//229
f 291//199 39//22 303//229
f 281//181 304//231 305//230
f 258//153 281//181 305//230
f 1061//234 1164//233 306//232
f 307//237 308//236 309//235
f 274//173 273//174 310//238
f 1061//234 306//232 311//239
f 273//174 293//201 312//240
f 310//238 273//174 312//240
f 1171//242 311//239 1197//241
f 313//244 1261//243 314//243
f 315//247 1249//246 316//245
f 317//248 318//249 319//248
f 320//250 1249//246 315//247
f 320//250 314//243 1261//243
f 320//250 1261//243 1249//246
f 321//253 322//252 323//251
f 318//249 323//251 322//252
f 321//253 323//251 324//254
f 325//257 326//256 327//255
f 917//259 328//258 1249//246
f 1249//246 328//258 329//260
f 326//256 330//261 331//255
f 326//256 325//257 332//262
f 293//201 215//113 122//61
f 333//263 316//245 1249//246
f 333//263 1249//246 329//260
f 971//49 1097//264 964//48
f 334//265 183//100 181//99
f 888//48 1097//264 971//49
f 964//48 1097//264 1275//48
f 1004//148 1166//228 258//153
f 335//266 1097//264 888//48
f 250//141 1004//148 258//153
f 257//154 281//181 258//153
f 1543//191 1201//192 1557//267
f 281//181 303//229 304//231
f 147//79 146//80 276//175
f 336//268 276//175 146//80
f 285//186 984//188 287//193
f 1180//197 111//54 1196//269
f 1180//197 1196//269 290//196
f 266//166 276//175 337//270
f 1158//184 1096//271 282//183
f 303//229 39//22 297//209
f 990//273 991//198 338//272
f 1096//271 1158//184 990//273
f 338//272 1096//271 990//273
f 930//276 339//275 340//274
f 991//198 290//196 338//272
f 1547//277 930//276 341//274
f 340//274 341//274 930//276
f 930//276 342//278 339//275
f 313//244 342//278 930//276
f 343//281 344//280 345//279
f 293//201 122//61 346//282
f 347//284 348//283 349//53
f 297//209 296//208 350//285
f 121//62 351//286 122//61
f 346//282 122//61 351//286
f 348//283 347//284 352//287
f 297//209 350//285 353//288
f 354//290 355//289 343//281
f 1164//233 1192//102 1427//217
f 356//291 357//292 358//291
f 1192//102 1164//233 1061//234
f 345//279 359//293 343//281
f 359//293 354//290 343//281
f 356//291 358//291 360//294
f 353//288 303//229 297//209
f 1097//264 335//266 1190//295
f 1171//242 1197//241 1199//296
f 355//289 354//290 361//297
f 1199//296 1190//295 1161//298
f 298//213 362//299 963//212
f 1171//242 1199//296 1161//298
f 351//286 363//300 346//282
f 306//232 1197//241 311//239
f 364//303 365//302 366//301
f 367//305 1287//304 346//282
f 1190//295 335//266 1161//298
f 354//290 359//293 361//297
f 310//238 312//240 368//306
f 369//308 366//301 370//307
f 369//308 370//307 371//309
f 372//310 286//185 285//186
f 372//310 285//186 373//310
f 346//282 363//300 374//311
f 374//311 375//312 346//282
f 1317//190 977//314 1256//313
f 376//315 377//316 378//315
f 379//318 372//310 380//317
f 373//310 380//317 372//310
f 346//282 381//319 367//305
f 346//282 382//320 381//319
f 380//317 383//322 384//321
f 380//317 384//321 379//318
f 385//323 376//315 378//315
f 346//282 375//312 382//320
f 334//265 269//169 183//100
f 385//323 386//324 309//235
f 270//168 269//169 334//265
f 312//240 346//282 368//306
f 192//107 387//325 167//96
f 312//240 293//201 346//282
f 345//279 361//297 359//293
f 930//276 1261//243 313//244
f 388//327 1245//326 917//259
f 341//274 389//328 1547//277
f 898//331 1033//330 903//329
f 1198//333 1547//277 390//332
f 389//328 390//332 1547//277
f 1551//49 1263//48 213//49
f 213//49 918//48 1551//49
f 1307//48 1551//49 933//48
f 1165//48 916//49 899//48
f 391//335 392//334 1198//333
f 392//334 393//336 1198//333
f 899//48 916//49 918//48
f 916//49 1551//49 918//48
f 390//332 391//335 1198//333
f 1484//49 1551//49 916//49
f 933//48 1551//49 1484//49
f 393//336 394//337 1198//333
f 966//48 916//49 1165//48
f 394//337 395//338 1198//333
f 396//340 368//306 397//339
f 398//341 397//339 368//306
f 1329//218 302//221 1044//342
f 1008//345 399//344 400//343
f 368//306 401//346 398//341
f 1008//345 402//347 399//344
f 401//346 368//306 1550//348
f 346//282 1287//304 368//306
f 403//351 1146//350 404//349
f 1550//348 368//306 1287//304
f 404//349 1146//350 405//352
f 405//352 1146//350 406//353
f 884//48 1263//48 886//48
f 406//353 1146//350 407//352
f 407//352 1146//350 408//354
f 1008//345 400//343 1146//350
f 408//354 1146//350 400//343
f 409//357 1316//356 1270//355
f 1049//359 410//358 1008//345
f 411//360 1008//345 410//358
f 1169//361 409//357 1270//355
f 412//363 1049//359 413//362
f 414//362 413//362 1049//359
f 415//364 1316//356 409//357
f 1049//359 1279//365 414//362
f 416//362 414//362 1279//365
f 903//329 1065//367 1064//366
f 1146//350 403//351 417//368
f 409//357 1169//361 898//331
f 1146//350 417//368 418//369
f 1146//350 418//369 419//370
f 1065//367 1288//159 1064//366
f 1146//350 420//372 421//371
f 1146//350 421//371 422//373
f 1146//350 419//370 420//372
f 1146//350 422//373 423//374
f 424//375 1146//350 423//374
f 1065//367 903//329 1033//330
f 424//375 425//376 1146//350
f 931//377 1146//350 425//376
f 411//360 402//347 1008//345
f 898//331 1169//361 1033//330
f 1049//359 412//363 410//358
f 1157//378 1316//356 415//364
f 1157//378 415//364 426//379
f 1288//159 965//207 1064//366
f 1045//381 384//321 427//380
f 428//1 949//2 429//1
f 430//1 949//2 428//1
f 431//1 429//1 949//2
f 432//1 949//2 430//1
f 433//1 949//2 432//1
f 434//1 949//2 433//1
f 435//1 949//2 434//1
f 436//1 949//2 435//1
f 437//1 949//2 436//1
f 1017//1 949//2 437//1
f 438//2 431//1 949//2
f 439//383 440//382 305//230
f 1045//381 427//380 1337//384
f 440//382 258//153 305//230
f 905//386 1337//384 441//385
f 217//115 216//116 40//25
f 441//385 442//388 443//387
f 66//45 217//115 40//25
f 1256//313 1519//389 1317//190
f 444//2 445//1 446//1
f 447//1 446//1 445//1
f 445//1 448//1 447//1
f 449//1 447//1 448//1
f 450//1 451//1 452//1
f 453//1 451//1 448//1
f 905//386 441//385 443//387
f 1471//392 454//391 455//390
f 1471//392 455//390 1123//205
f 456//393 457//394 458//393
f 459//1 452//1 451//1
f 460//1 451//1 450//1
f 461//1 459//1 451//1
f 462//1 1090//1 463//2
f 949//2 462//1 463//2
f 464//1 949//2 463//2
f 465//1 949//2 464//1
f 466//1 949//2 465//1
f 438//2 949//2 466//1
f 467//2 1015//1 460//1
f 1205//397 468//396 469//395
f 353//288 304//231 303//229
f 470//399 471//399 472//398
f 1205//397 473//400 468//396
f 1205//397 469//395 1471//392
f 474//402 1471//392 475//401
f 476//405 477//404 478//403
f 475//401 1471//392 469//395
f 479//407 480//406 1471//392
f 1471//392 480//406 454//391
f 481//410 482//409 483//408
f 484//411 479//407 1471//392
f 485//413 486//412 1471//392
f 484//411 1471//392 486//412
f 216//116 25//13 40//25
f 487//414 485//413 1471//392
f 488//415 487//414 1471//392
f 474//402 488//415 1471//392
f 277//178 489//417 490//416
f 1198//333 395//338 1205//397
f 491//418 1205//397 395//338
f 491//418 473//400 1205//397
f 29//17 492//420 1048//419
f 29//17 1048//419 54//37
f 493//421 494//422 495//421
f 1279//365 496//423 416//362
f 1330//426 1336//425 497//424
f 1330//426 497//424 498//427
f 499//428 443//387 442//388
f 1330//426 498//427 500//429
f 383//322 427//380 384//321
f 501//430 1330//426 500//429
f 231//130 245//140 492//420
f 502//433 1055//432 503//431
f 441//385 1337//384 427//380
f 504//133 233//132 235//133
f 216//116 230//131 37//20
f 1330//426 505//435 1027//434
f 506//434 1027//434 505//435
f 1055//432 507//436 503//431
f 37//20 25//13 216//116
f 1360//437 508//437 235//133
f 504//133 235//133 508//437
f 1055//432 509//438 507//436
f 1055//432 1027//434 509//438
f 506//434 509//438 1027//434
f 508//437 1360//437 1358//439
f 1330//426 501//430 505//435
f 1055//432 502//433 1279//365
f 496//423 1279//365 502//433
f 510//442 511//441 512//440
f 29//17 37//20 230//131
f 1195//6 1502//6 513//6
f 513//6 912//6 514//6
f 1546//6 514//6 912//6
f 515//6 514//6 1546//6
f 29//17 231//130 492//420
f 516//6 517//6 1340//6
f 1340//6 948//6 516//6
f 515//6 1235//6 517//6
f 245//140 278//177 492//420
f 1142//444 518//444 1025//443
f 948//6 952//6 519//6
f 519//6 952//6 1102//6
f 1110//445 1048//419 492//420
f 443//387 499//428 520//446
f 521//447 1110//445 492//420
f 519//6 516//6 948//6
f 518//444 1142//444 1446//448
f 1102//6 1556//6 519//6
f 1556//6 946//6 519//6
f 947//6 519//6 946//6
f 981//6 515//6 936//6
f 929//6 515//6 981//6
f 929//6 1105//7 515//6
f 1546//6 936//6 515//6
f 522//52 1238//52 1092//53
f 1105//7 1235//6 515//6
f 1340//6 517//6 1235//6
f 976//52 1431//52 1092//53
f 1454//52 976//52 1092//53
f 1431//52 1308//52 1092//53
f 1308//52 522//52 1092//53
f 97//53 1454//52 1092//53
f 1455//449 277//178 153//84
f 489//417 277//178 1455//449
f 1149//53 1421//52 1151//52
f 1408//52 1410//52 1421//52
f 917//259 1245//326 1273//450
f 912//6 513//6 1502//6
f 521//447 492//420 278//177
f 277//178 490//416 278//177
f 523//1 524//2 525//1
f 526//451 268//164 267//165
f 1047//454 902//453 1094//452
f 527//455 267//165 266//166
f 1195//6 513//6 1324//6
f 1301//6 1324//6 513//6
f 528//458 1369//457 1561//456
f 513//6 529//6 1301//6
f 528//458 1561//456 530//459
f 531//462 532//461 533//460
f 528//458 426//379 1369//457
f 1062//463 530//459 1561//456
f 534//464 527//455 337//270
f 266//166 337//270 527//455
f 1561//456 1160//466 1418//465
f 1418//465 1062//463 1561//456
f 535//467 254//149 253//144
f 536//469 1160//466 1368//468
f 537//470 268//164 526//451
f 538//6 1291//6 539//6
f 539//6 1331//6 540//6
f 541//6 540//6 951//6
f 1050//6 1460//6 541//6
f 1368//468 1228//471 536//469
f 531//462 533//460 542//472
f 262//161 268//164 537//470
f 532//461 543//474 544//473
f 1368//468 1364//476 1234//475
f 1234//475 1228//471 1368//468
f 1227//477 1160//466 536//469
f 1094//452 1221//478 1047//454
f 1432//480 1433//479 902//453
f 304//231 353//288 545//481
f 902//453 1433//479 1094//452
f 528//458 530//459 1224//482
f 1168//483 1224//482 530//459
f 530//459 1062//463 1168//483
f 1418//465 1160//466 1227//477
f 537//470 526//451 546//484
f 426//379 528//458 1224//482
f 426//379 1224//482 1157//378
f 1433//479 1432//480 1097//264
f 1275//48 1097//264 1432//480
f 1458//487 547//486 1456//485
f 548//489 549//489 550//488
f 1317//190 1519//389 1544//189
f 1221//478 1347//490 1047//454
f 550//488 534//464 548//489
f 1221//478 1569//491 1347//490
f 1299//493 891//492 1256//313
f 267//165 527//455 550//488
f 1569//491 1364//476 1347//490
f 551//496 552//495 553//494
f 554//1 555//1 1389//1
f 1389//1 556//1 557//1
f 557//1 558//1 1389//1
f 1389//1 558//1 525//1
f 1569//491 1234//475 1364//476
f 532//461 531//462 559//497
f 560//499 550//488 561//498
f 560//499 562//500 550//488
f 532//461 559//497 543//474
f 563//501 561//498 550//488
f 564//502 565//502 566//502
f 550//488 567//503 563//501
f 549//489 567//503 550//488
f 1227//477 536//469 1228//471
f 531//462 253//144 559//497
f 568//504 526//451 550//488
f 569//506 568//504 570//505
f 562//500 570//505 568//504
f 550//488 562//500 568//504
f 535//467 253//144 531//462
f 353//288 571//508 572//507
f 569//506 573//509 568//504
f 1034//6 1240//6 17//6
f 954//6 17//6 1240//6
f 550//488 526//451 267//165
f 574//512 955//511 1117//510
f 15//7 1034//6 17//6
f 1240//6 9//6 954//6
f 8//6 954//6 9//6
f 538//6 575//6 1113//6
f 538//6 1113//6 1274//6
f 538//6 1274//6 1079//6
f 538//6 1079//6 1163//7
f 538//6 1163//7 915//6
f 538//6 915//6 1222//6
f 538//6 1222//6 1291//6
f 1081//7 539//6 1291//6
f 1116//6 539//6 1081//7
f 546//484 526//451 568//504
f 1116//6 1331//6 539//6
f 1256//313 1204//513 1299//493
f 951//6 540//6 1331//6
f 1170//515 1326//514 1256//313
f 1335//6 541//6 1460//6
f 972//6 576//6 1335//6
f 253//144 543//474 559//497
f 577//52 578//52 579//52
f 1473//52 1243//52 579//52
f 1189//52 579//52 1246//53
f 1246//53 579//52 1243//52
f 1267//52 1016//52 579//52
f 1477//52 579//52 1016//52
f 1472//52 1473//52 579//52
f 253//144 252//145 580//516
f 581//519 582//518 583//517
f 1320//520 1204//513 1256//313
f 584//522 585//521 583//517
f 1320//520 1256//313 1326//514
f 586//523 568//504 573//509
f 1170//515 1256//313 977//314
f 583//517 582//518 1450//524
f 568//504 586//523 587//525
f 1474//52 1472//52 579//52
f 1464//6 1345//6 588//6
f 575//6 588//6 1345//6
f 575//6 1345//6 1344//6
f 575//6 1344//6 986//6
f 575//6 986//6 1343//6
f 575//6 1343//6 997//7
f 575//6 997//7 1342//6
f 575//6 1342//6 1179//6
f 1430//6 575//6 1179//6
f 1113//6 575//6 1430//6
f 1474//52 579//52 1477//52
f 541//6 951//6 1050//6
f 589//527 1461//526 1009//52
f 900//6 1399//6 590//6
f 590//6 1253//6 529//6
f 1273//450 1277//528 917//259
f 591//6 1383//6 592//6
f 1386//6 1383//6 591//6
f 1383//6 1419//6 592//6
f 1268//6 1412//6 592//6
f 1244//6 1399//6 900//6
f 1398//6 590//6 1399//6
f 1407//6 590//6 1398//6
f 900//6 592//6 1244//6
f 1188//529 1557//267 1201//192
f 1253//6 590//6 1407//6
f 1201//192 1276//530 1188//529
f 593//1 594//1 595//2
f 596//1 597//1 594//1
f 1486//6 592//6 1419//6
f 1426//6 592//6 1486//6
f 1251//6 592//6 1426//6
f 1428//6 592//6 1251//6
f 1417//6 592//6 1428//6
f 1268//6 592//6 1417//6
f 1412//6 1244//6 592//6
f 1022//1 598//1 599//1
f 1109//6 1301//6 529//6
f 1109//6 529//6 1253//6
f 600//1 601//1 602//1
f 541//6 1335//6 576//6
f 972//6 1280//6 576//6
f 602//1 603//1 600//1
f 604//2 605//1 603//1
f 580//516 543//474 253//144
f 919//1 448//1 1098//2
f 606//1 448//1 919//1
f 607//1 448//1 606//1
f 923//1 448//1 607//1
f 1107//1 448//1 923//1
f 925//1 448//1 1107//1
f 608//1 448//1 925//1
f 1075//1 448//1 608//1
f 935//1 448//1 1075//1
f 609//1 448//1 935//1
f 610//1 448//1 609//1
f 449//1 448//1 610//1
f 611//1 1389//1 555//1
f 556//1 1389//1 611//1
f 1014//1 1213//1 1139//1
f 612//1 1139//1 1213//1
f 613//532 614//531 917//259
f 1091//1 612//1 1213//1
f 917//259 1277//528 613//532
f 950//2 1241//1 1068//1
f 959//1 448//1 615//1
f 892//1 448//1 959//1
f 1202//1 448//1 892//1
f 616//1 448//1 1202//1
f 617//1 448//1 616//1
f 1040//1 448//1 617//1
f 1098//2 448//1 1040//1
f 615//1 448//1 618//1
f 453//1 461//1 451//1
f 1068//1 1006//1 1091//1
f 599//1 619//1 950//2
f 605//1 600//1 603//1
f 1139//1 1225//1 1014//1
f 1011//1 1014//1 1225//1
f 1011//1 593//1 595//2
f 620//1 1144//1 621//1
f 353//288 350//285 571//508
f 252//145 1300//533 580//516
f 928//1 602//1 601//1
f 622//1 928//1 601//1
f 598//1 1022//1 622//1
f 619//1 599//1 598//1
f 1241//1 950//2 619//1
f 1006//1 1068//1 1241//1
f 1225//1 593//1 1011//1
f 621//1 623//1 596//1
f 612//1 1091//1 1006//1
f 928//1 622//1 1022//1
f 1305//2 1462//2 604//2
f 1300//533 543//474 580//516
f 934//1 624//2 625//1
f 626//1 625//1 624//2
f 1374//535 627//535 628//534
f 629//538 630//537 631//536
f 632//539 631//536 630//537
f 1370//540 633//540 1374//535
f 627//535 1374//535 633//540
f 634//1 626//1 635//2
f 1370//540 1002//541 633//540
f 636//541 633//540 1002//541
f 636//541 1002//541 637//542
f 635//2 638//1 634//1
f 639//1 640//1 641//1
f 1051//545 642//544 1152//543
f 1365//543 1152//543 643//546
f 642//544 643//546 1152//543
f 641//1 920//1 639//1
f 1023//1 639//1 920//1
f 640//1 644//1 645//2
f 554//1 646//2 555//1
f 647//1 1041//1 944//1
f 581//519 630//537 629//538
f 582//518 581//519 629//538
f 274//173 648//547 275//172
f 647//1 944//1 920//1
f 649//548 650//549 1392//548
f 651//552 652//551 653//550
f 581//519 583//517 585//521
f 909//1 654//2 1041//1
f 654//2 944//1 1041//1
f 1392//548 655//553 649//548
f 157//87 1501//554 147//79
f 906//1 1100//1 909//1
f 1501//554 148//78 147//79
f 889//555 656//555 655//553
f 651//552 657//557 658//556
f 653//550 657//557 651//552
f 1501//554 157//87 156//88
f 659//1 660//1 893//1
f 656//555 889//555 661//558
f 958//1 662//2 893//1
f 662//2 659//1 893//1
f 251//146 275//172 252//145
f 632//539 1451//559 631//536
f 663//536 1451//559 632//539
f 1051//545 993//494 553//494
f 631//536 1451//559 629//538
f 629//538 1451//559 582//518
f 597//1 596//1 623//1
f 554//1 988//1 1207//1
f 554//1 1207//1 646//2
f 956//561 664//561 665//560
f 150//2 666//2 1548//1
f 150//2 1548//1 1498//1
f 1203//1 893//1 660//1
f 1100//1 906//1 660//1
f 938//1 909//1 1100//1
f 654//2 909//1 938//1
f 1023//1 920//1 944//1
f 1203//1 660//1 906//1
f 1144//1 620//1 958//1
f 623//1 621//1 1144//1
f 595//2 594//1 597//1
f 662//2 958//1 620//1
f 664//561 956//561 650//549
f 150//2 1498//1 165//1
f 624//2 635//2 626//1
f 644//1 1489//1 667//2
f 667//2 645//2 644//1
f 645//2 641//1 640//1
f 1108//1 667//2 1489//1
f 1489//1 668//1 1108//1
f 668//1 634//1 638//1
f 648//547 1300//533 252//145
f 1465//83 153//84 277//178
f 648//547 252//145 275//172
f 638//1 1108//1 668//1
f 625//1 669//1 934//1
f 979//1 934//1 669//1
f 669//1 670//1 979//1
f 1518//562 1465//83 277//178
f 226//126 228//128 227//128
f 671//563 458//393 457//394
f 672//566 673//565 674//564
f 993//494 551//496 553//494
f 1018//1 1434//1 1305//2
f 675//1 1401//1 666//2
f 666//2 676//1 1548//1
f 677//567 1456//485 674//564
f 988//1 678//2 1207//1
f 229//129 679//568 1494//568
f 678//2 988//1 680//1
f 681//1 34//1 35//2
f 1494//568 679//568 234//49
f 682//1 683//1 684//1
f 1143//1 685//2 686//1
f 1422//1 687//1 688//1
f 885//571 689//570 1131//569
f 982//574 1504//573 690//572
f 691//2 1400//1 692//1
f 982//574 690//572 693//575
f 694//1 691//2 695//1
f 691//2 694//1 1549//1
f 1131//569 696//577 697//576
f 1012//136 239//136 693//575
f 689//570 698//578 696//577
f 239//136 1012//136 237//138
f 699//6 576//6 1280//6
f 696//577 1131//569 689//570
f 1518//562 277//178 280//180
f 1434//1 1462//2 1305//2
f 605//1 604//2 1462//2
f 1361//2 901//1 1018//1
f 1084//1 700//2 701//2
f 683//1 1084//1 684//1
f 702//1 687//1 682//1
f 685//2 692//1 1400//1
f 701//2 684//1 1084//1
f 695//1 691//2 692//1
f 1361//2 701//2 700//2
f 700//2 901//1 1361//2
f 1434//1 1018//1 901//1
f 1069//117 219//117 114//57
f 703//6 1349//6 704//6
f 705//6 704//6 1437//6
f 1437//6 1174//6 705//6
f 1174//6 1292//7 705//6
f 1436//7 705//6 1292//7
f 1397//1 1549//1 694//1
f 1400//1 686//1 685//2
f 686//1 968//1 1143//1
f 688//1 1143//1 968//1
f 968//1 1422//1 688//1
f 702//1 688//1 687//1
f 683//1 682//1 687//1
f 1069//117 222//122 219//117
f 221//123 219//117 222//122
f 1440//6 1441//7 699//6
f 703//6 699//6 1441//7
f 1056//7 1440//6 699//6
f 1280//6 1438//6 699//6
f 676//1 666//2 1401//1
f 706//1 1112//1 1470//1
f 1470//1 1052//1 706//1
f 1459//1 1470//1 1112//1
f 1349//6 703//6 1441//7
f 1130//6 704//6 1349//6
f 1375//1 1459//1 1112//1
f 949//2 1017//1 1306//2
f 949//2 1306//2 1019//1
f 949//2 1019//1 1495//1
f 949//2 1495//1 1038//1
f 927//2 1021//1 1038//1
f 1031//1 1038//1 1021//1
f 949//2 1038//1 1031//1
f 1371//1 1522//1 1375//1
f 292//200 707//580 708//579
f 1003//1 1520//1 1371//1
f 1437//6 704//6 1130//6
f 1373//1 1442//1 1003//1
f 1438//6 1056//7 699//6
f 709//2 710//1 711//1
f 670//1 711//1 710//1
f 584//522 712//581 585//521
f 1090//1 1214//1 463//2
f 1214//1 1015//1 463//2
f 467//2 463//2 1015//1
f 451//1 460//1 1015//1
f 1314//1 448//1 451//1
f 983//2 448//1 1314//1
f 618//1 448//1 983//2
f 710//1 979//1 670//1
f 583//517 1450//524 584//522
f 712//581 584//522 1450//524
f 1193//1 1395//1 1319//1
f 255//150 292//200 713//582
f 714//585 715//584 932//583
f 716//588 1013//587 1304//586
f 250//141 960//589 248//143
f 1304//586 1136//590 716//588
f 1379//1 717//2 1208//1
f 718//2 706//1 1052//1
f 1052//1 992//1 718//2
f 719//48 1175//48 720//48
f 301//48 720//48 1029//48
f 957//1 721//1 1397//1
f 722//1 723//2 1482//1
f 723//2 724//1 1482//1
f 1193//1 721//1 1395//1
f 720//48 1567//48 1029//48
f 262//161 696//577 263//160
f 1209//227 1191//219 725//591
f 255//150 713//582 726//592
f 727//1 1397//1 721//1
f 957//1 1395//1 721//1
f 1549//1 1397//1 727//1
f 1393//1 1319//1 1395//1
f 1319//1 1393//1 1404//2
f 890//1 728//1 1404//2
f 992//1 1208//1 717//2
f 1208//1 729//1 1379//1
f 1319//1 1404//2 728//1
f 890//1 1379//1 729//1
f 728//1 890//1 729//1
f 730//2 731//1 1373//1
f 717//2 718//2 992//1
f 732//1 1101//1 941//1
f 941//1 970//1 1177//1
f 698//578 263//160 696//577
f 970//1 941//1 1101//1
f 262//161 697//576 696//577
f 1520//1 1003//1 1442//1
f 711//1 733//1 709//2
f 1522//1 1371//1 1520//1
f 1459//1 1375//1 1522//1
f 1442//1 1373//1 731//1
f 730//2 709//2 733//1
f 731//1 730//2 733//1
f 734//593 387//325 1564//593
f 1490//595 735//594 1236//594
f 1414//111 1226//596 194//112
f 735//594 1286//597 1236//594
f 942//599 1054//599 1537//598
f 1054//599 960//589 1537//598
f 1356//1 1482//1 736//2
f 1354//52 737//52 1357//52
f 1508//601 1507//600 159//90
f 1507//600 1286//597 159//90
f 440//382 1537//598 258//153
f 1286//597 160//89 159//90
f 250//141 1537//598 960//589
f 738//602 298//213 1298//211
f 1508//601 739//603 1507//600
f 1537//598 250//141 258//153
f 256//151 255//150 726//592
f 322//252 319//248 318//249
f 732//1 740//1 937//1
f 732//1 937//1 1101//1
f 1298//211 932//583 738//602
f 741//605 1511//604 1518//562
f 742//608 743//607 744//606
f 741//605 745//609 1511//604
f 1537//598 440//382 439//383
f 726//592 741//605 256//151
f 1321//611 1322//610 191//104
f 1321//611 191//104 746//612
f 744//606 747//614 748//613
f 744//606 748//613 749//615
f 193//109 1322//610 1200//108
f 1321//611 1200//108 1322//610
f 280//180 256//151 741//605
f 1138//110 1414//111 193//109
f 955//511 574//512 750//616
f 439//383 751//617 1537//598
f 221//123 223//121 1032//121
f 726//592 745//609 741//605
f 752//618 653//550 652//551
f 1032//121 223//121 225//127
f 751//617 1539//619 1537//598
f 652//551 753//620 752//618
f 1518//562 280//180 741//605
f 227//128 229//129 1039//129
f 740//1 1247//1 937//1
f 1293//621 471//399 470//399
f 229//129 1494//568 1039//129
f 675//1 1405//1 1401//1
f 1494//568 234//49 1020//49
f 752//618 657//557 653//550
f 1020//49 234//49 233//132
f 353//288 572//507 754//622
f 35//2 1527//1 755//1
f 35//2 755//1 681//1
f 693//575 1313//575 982//574
f 693//575 239//136 1313//575
f 756//623 344//280 707//580
f 262//161 537//470 697//576
f 194//112 1226//596 1490//595
f 1491//595 1490//595 1226//596
f 1527//1 757//1 1237//1
f 1527//1 1237//1 755//1
f 697//576 546//484 1545//624
f 292//200 708//579 713//582
f 736//2 1482//1 1538//1
f 739//603 1506//626 1505//625
f 739//603 1505//625 1507//600
f 724//1 1538//1 1482//1
f 1539//619 758//628 759//627
f 1506//626 1183//629 1182//629
f 1506//626 1182//629 1505//625
f 723//2 722//1 760//1
f 708//579 761//630 713//582
f 1182//629 1183//629 1493//631
f 1182//629 1493//631 1492//631
f 722//1 1176//1 762//1
f 760//1 722//1 762//1
f 305//230 304//231 751//617
f 1493//631 1231//633 1230//632
f 1493//631 1230//632 1492//631
f 439//383 305//230 751//617
f 322//252 1230//632 319//248
f 1231//633 319//248 1230//632
f 1178//248 317//248 319//248
f 751//617 545//481 758//628
f 751//617 758//628 1539//619
f 545//481 751//617 304//231
f 761//630 763//634 713//582
f 321//253 324//254 1248//635
f 330//261 1248//635 764//636
f 324//254 764//636 1248//635
f 764//636 331//255 330//261
f 1540//639 765//638 989//637
f 326//256 332//262 940//640
f 332//262 766//641 940//640
f 740//1 908//1 945//2
f 740//1 945//2 1247//1
f 362//299 767//642 1117//510
f 192//107 1564//593 387//325
f 1511//604 763//634 768//643
f 545//481 353//288 754//622
f 1500//645 1499//644 349//53
f 745//609 726//592 763//634
f 1511//604 745//609 763//634
f 749//615 748//613 1564//593
f 763//634 726//592 713//582
f 747//614 744//606 743//607
f 352//287 1076//287 348//283
f 743//607 742//608 1552//646
f 769//647 1552//646 742//608
f 1497//648 1076//287 352//287
f 574//512 1488//649 750//616
f 767//642 1488//649 574//512
f 750//616 1488//649 752//618
f 357//292 926//292 1497//648
f 356//291 926//292 357//292
f 758//628 545//481 754//622
f 360//294 924//294 356//291
f 1219//650 924//294 360//294
f 366//301 1099//301 364//303
f 770//1 1423//1 771//1
f 771//1 967//1 1413//1
f 1552//646 772//652 773//651
f 1413//1 1405//1 771//1
f 675//1 771//1 1405//1
f 369//308 1099//301 366//301
f 1552//646 769//647 774//653
f 1552//646 774//653 772//652
f 775//654 708//579 707//580
f 776//655 571//508 753//620
f 537//470 546//484 697//576
f 1491//595 735//594 1490//595
f 1256//313 891//492 1212//656
f 757//1 1285//1 1237//1
f 754//622 572//507 776//655
f 587//525 896//525 1545//624
f 776//655 572//507 571//508
f 940//640 766//641 1512//657
f 1514//659 1512//657 777//658
f 734//593 1564//593 748//613
f 1545//624 568//504 587//525
f 777//658 778//660 1514//659
f 759//627 758//628 779//661
f 568//504 1545//624 546//484
f 758//628 754//622 779//661
f 974//664 1302//663 1303//662
f 1118//52 1487//52 579//52
f 1//2 1411//1 780//2
f 781//1 1//2 782//1
f 780//2 782//1 1//2
f 943//1 908//1 1095//1
f 783//1 1024//1 908//1
f 908//1 943//1 945//2
f 735//594 160//89 1286//597
f 1303//662 1541//665 974//664
f 1151//52 1421//52 1410//52
f 757//1 897//1 1355//1
f 757//1 1355//1 1285//1
f 1095//1 908//1 1024//1
f 1559//668 1534//667 1533//666
f 1302//663 974//664 1540//639
f 671//563 1533//666 458//393
f 1534//667 458//393 1533//666
f 754//622 776//655 784//669
f 779//661 754//622 784//669
f 1487//52 1267//52 579//52
f 1409//393 1297//393 458//393
f 1191//219 1563//670 725//591
f 1297//393 456//393 458//393
f 1010//52 589//527 1009//52
f 671//563 457//394 1294//671
f 1293//621 1294//671 457//394
f 1542//674 895//673 1070//672
f 1293//621 470//399 1294//671
f 1010//52 1009//52 1333//675
f 1452//678 1140//677 1346//676
f 472//398 1406//679 470//399
f 1444//680 1445//680 1333//675
f 1346//676 1254//682 1367//681
f 472//398 478//403 1406//679
f 1444//680 1126//683 1445//680
f 759//627 779//661 1562//684
f 483//408 1425//685 481//410
f 483//408 785//686 1425//685
f 1563//670 1542//674 725//591
f 1563//670 895//673 1542//674
f 1070//672 895//673 1127//687
f 1450//524 1451//559 1449//688
f 775//654 707//580 344//280
f 327//255 326//256 331//255
f 761//630 708//579 775//654
f 274//173 310//238 648//547
f 1024//1 783//1 939//1
f 783//1 786//1 939//1
f 310//238 368//306 648//547
f 787//691 1555//690 788//689
f 396//340 648//547 368//306
f 787//691 788//689 775//654
f 1358//439 1359//692 508//437
f 1311//48 789//49 1263//48
f 790//694 1341//693 1562//684
f 1359//692 1358//439 1042//695
f 1359//692 1042//695 1043//695
f 1562//684 779//661 790//694
f 1000//696 1001//696 1042//695
f 1043//695 1042//695 1001//696
f 1127//687 1140//677 1070//672
f 1001//696 1000//696 1352//697
f 1001//696 1352//697 1353//697
f 761//630 775//654 788//689
f 791//700 975//699 1037//698
f 1025//443 1026//701 1352//697
f 1353//697 1352//697 1026//701
f 1070//672 1140//677 1452//678
f 792//702 1512//657 766//641
f 1254//682 1346//676 1140//677
f 788//689 768//643 763//634
f 1026//701 1025//443 518//444
f 1254//682 1402//703 1367//681
f 1446//448 1447//704 518//444
f 788//689 763//634 761//630
f 1046//705 1137//214 765//638
f 1447//704 1446//448 1350//706
f 1447//704 1350//706 1351//707
f 1137//214 989//637 765//638
f 1351//707 1350//706 913//708
f 1351//707 913//708 914//708
f 1511//604 768//643 788//689
f 1540//639 1257//709 1302//663
f 788//689 1555//690 1511//604
f 1415//711 1416//710 913//708
f 914//708 913//708 1416//710
f 477//404 1406//679 478//403
f 1415//711 665//560 1416//710
f 1540//639 989//637 1257//709
f 2//2 1//2 781//1
f 1497//648 352//287 1496//648
f 967//1 771//1 1423//1
f 1173//713 1172//712 5//3
f 1173//713 5//3 1194//3
f 1173//713 1559//668 1172//712
f 1533//666 1172//712 1559//668
f 674//564 1456//485 547//486
f 1558//715 793//714 716//588
f 1469//716 643//546 547//486
f 1458//487 1469//716 547//486
f 707//580 975//699 794//717
f 1469//716 1468//543 643//546
f 793//714 795//718 716//588
f 707//580 794//717 756//623
f 1468//543 1365//543 643//546
f 1051//545 553//494 642//544
f 796//720 787//691 797//719
f 793//714 1402//703 1315//721
f 1315//721 1013//587 795//718
f 1315//721 795//718 793//714
f 797//719 344//280 343//281
f 1013//587 716//588 795//718
f 551//496 1524//722 552//495
f 552//495 1524//722 1526//723
f 1312//1 3//1 798//1
f 565//502 1535//724 1526//723
f 1536//725 1535//724 565//502
f 797//719 787//691 775//654
f 1526//723 1525//726 565//502
f 797//719 775//654 344//280
f 799//727 716//588 1136//590
f 566//502 565//502 1525//726
f 798//1 3//1 4//1
f 299//216 1046//705 799//727
f 1536//725 1318//4 6//5
f 1536//725 6//5 1535//724
f 756//623 345//279 344//280
f 614//531 800//728 585//521
f 1136//590 299//216 799//727
f 1136//590 1066//215 299//216
f 787//691 796//720 1555//690
f 299//216 1137//214 1046//705
f 1145//729 308//236 307//237
f 1555//690 796//720 1554//730
f 1503//573 1504//573 1145//729
f 481//410 477//404 482//409
f 476//405 482//409 477//404
f 770//1 801//1 1424//1
f 770//1 1424//1 1423//1
f 1211//731 1256//313 1212//656
f 802//733 803//732 630//537
f 343//281 1572//734 797//719
f 796//720 797//719 1572//734
f 1570//736 772//652 1532//735
f 1570//736 773//651 772//652
f 804//539 630//537 803//732
f 793//714 1558//715 1367//681
f 349//53 1499//644 980//53
f 793//714 1367//681 1402//703
f 796//720 1572//734 1554//730
f 630//537 805//737 802//733
f 347//284 349//53 980//53
f 1212//656 1541//665 1211//731
f 1211//731 1541//665 1303//662
f 806//2 807//1 801//1
f 801//1 807//1 808//1
f 1424//1 801//1 1283//2
f 808//1 1283//2 801//1
f 1497//648 1496//648 357//292
f 809//738 614//531 1501//554
f 355//289 810//739 343//281
f 1572//734 810//739 811//740
f 1572//734 343//281 810//739
f 811//740 812//741 1572//734
f 1219//650 360//294 1218//742
f 1525//726 1526//723 1524//722
f 953//2 680//1 1338//1
f 988//1 1338//1 680//1
f 1239//744 1572//734 813//743
f 921//745 922//745 1218//742
f 1219//650 1218//742 922//745
f 1453//686 998//746 1574//686
f 1239//744 998//746 1453//686
f 975//699 791//700 794//717
f 1239//744 813//743 998//746
f 364//303 922//745 365//302
f 921//745 365//302 922//745
f 998//746 1425//685 1574//686
f 785//686 1574//686 1425//685
f 1309//1 953//2 1338//1
f 813//743 1572//734 812//741
f 998//746 813//743 361//297
f 1565//629 1568//629 1483//629
f 396//340 1339//747 648//547
f 812//741 811//740 361//297
f 811//740 810//739 361//297
f 1078//48 1263//48 789//49
f 1310//48 789//49 1311//48
f 361//297 810//739 355//289
f 812//741 361//297 813//743
f 1078//48 1162//48 1263//48
f 212//49 1263//48 884//48
f 1162//48 886//48 1263//48
f 579//52 1357//52 737//52
f 737//52 1118//52 579//52
f 1348//52 579//52 1189//52
f 493//421 495//421 1129//748
f 1388//749 1382//750 1387//749
f 1390//751 1391//751 1387//749
f 1439//489 548//489 534//464
f 814//489 1429//752 534//464
f 550//488 527//455 534//464
f 345//279 756//623 361//297
f 794//717 1085//753 756//623
f 791//700 1085//753 794//717
f 295//203 1085//753 791//700
f 534//464 815//755 816//754
f 1085//753 1128//756 361//297
f 1129//748 361//297 1128//756
f 1129//748 1128//756 493//421
f 534//464 816//754 817//757
f 494//422 493//421 1435//422
f 371//309 370//307 910//758
f 1435//422 1461//526 494//422
f 907//316 377//316 910//758
f 371//309 910//758 377//316
f 377//316 907//316 378//315
f 385//323 378//315 386//324
f 307//237 309//235 386//324
f 1429//752 1439//489 534//464
f 814//489 534//464 818//759
f 308//236 1145//729 1504//573
f 818//759 534//464 817//757
f 1503//573 690//572 1504//573
f 1028//760 1167//103 1124//101
f 786//1 1513//2 1553//2
f 1553//2 939//1 786//1
f 784//669 819//761 779//661
f 819//761 1341//693 790//694
f 790//694 779//661 819//761
f 753//620 784//669 776//655
f 753//620 955//511 750//616
f 652//551 784//669 753//620
f 750//616 752//618 753//620
f 819//761 784//669 652//551
f 820//764 821//763 822//762
f 276//175 336//268 823//765
f 819//761 652//551 824//766
f 1388//749 1387//749 1391//751
f 512//440 1443//767 820//764
f 815//755 534//464 825//768
f 826//769 825//768 534//464
f 628//534 1391//751 1111//770
f 1390//751 1111//770 1391//751
f 819//761 824//766 1341//693
f 628//534 1111//770 1374//535
f 337//270 826//769 534//464
f 824//766 827//772 828//771
f 824//766 658//556 827//772
f 825//768 826//769 829//773
f 1167//103 542//472 822//762
f 786//1 830//2 1513//2
f 1515//2 1513//2 830//2
f 1341//693 824//766 881//774
f 651//552 658//556 824//766
f 651//552 824//766 652//551
f 637//542 1002//541 1372//775
f 337//270 276//175 823//765
f 637//542 1372//775 1476//776
f 1475//777 1476//776 1372//775
f 1512//657 792//702 777//658
f 831//780 832//779 833//778
f 834//6 835//6 1516//6
f 1517//1 1515//2 877//1
f 830//2 877//1 1515//2
f 876//660 878//781 828//771
f 878//781 881//774 828//771
f 1476//776 1475//777 1377//782
f 1376//783 1377//782 1475//777
f 824//766 828//771 881//774
f 657//557 1514//659 876//660
f 876//660 1514//659 778//660
f 876//660 828//771 657//557
f 829//773 826//769 836//773
f 1499//644 1500//645 1376//783
f 1377//782 1376//783 1500//645
f 658//556 657//557 827//772
f 828//771 827//772 657//557
f 657//557 1488//649 1134//784
f 837//785 838//785 1167//103
f 1133//784 1466//786 1134//784
f 650//549 1394//629 1392//548
f 821//763 839//787 822//762
f 1385//789 1509//788 1510//788
f 1510//788 1509//788 1233//790
f 1232//791 1233//790 1509//788
f 1403//553 655//553 1392//548
f 1479//792 1233//790 1232//791
f 832//779 831//780 840//793
f 837//785 839//787 1443//767
f 839//787 821//763 1443//767
f 821//763 820//764 1443//767
f 841//794 832//779 840//793
f 655//553 1403//553 889//555
f 257//154 961//155 911//795
f 823//765 832//779 826//769
f 911//795 1053//796 257//154
f 1216//796 18//10 1053//796
f 257//154 1053//796 18//10
f 823//765 336//268 832//779
f 1378//797 661//558 889//555
f 1381//750 1382//750 1378//797
f 661//558 1378//797 1382//750
f 842//798 836//773 826//769
f 1381//750 1387//749 1382//750
f 20//8 39//22 281//181
f 614//531 585//521 917//259
f 832//779 841//794 843//799
f 843//799 844//800 832//779
f 665//560 1415//711 1396//560
f 337//270 823//765 826//769
f 665//560 1396//560 956//561
f 826//769 832//779 844//800
f 650//549 956//561 1394//629
f 1125//801 1126//683 1444//680
f 844//800 845//802 826//769
f 842//798 826//769 845//802
f 1126//683 1125//801 1449//688
f 1528//803 1529//803 1479//792
f 1529//803 1528//803 1058//804
f 832//779 336//268 1155//805
f 846//806 388//327 917//259
f 917//259 1044//342 846//806
f 872//807 832//779 1155//805
f 585//521 712//581 917//259
f 1333//675 1009//52 1332//675
f 1333//675 1332//675 1444//680
f 1531//808 1443//767 511//441
f 846//806 1044//342 302//221
f 1531//808 1530//809 1443//767
f 1448//688 1449//688 1125//801
f 847//1 1521//1 848//1
f 328//258 917//259 712//581
f 1448//688 1450//524 1449//688
f 56//40 58//38 1005//810
f 849//811 872//807 850//38
f 1005//810 850//38 872//807
f 117//60 259//156 1005//810
f 1005//810 259//156 56//40
f 328//258 712//581 1450//524
f 849//811 851//812 872//807
f 833//778 832//779 851//812
f 872//807 851//812 832//779
f 1348//52 577//52 579//52
f 425//376 714//585 931//377
f 932//583 931//377 714//585
f 578//52 1067//52 579//52
f 1067//52 1362//52 579//52
f 1362//52 1575//52 579//52
f 883//52 882//52 579//52
f 869//52 579//52 1186//53
f 820//764 822//762 852//813
f 1087//52 883//52 579//52
f 1087//52 579//52 1147//52
f 1147//52 579//52 1575//52
f 870//816 853//815 871//814
f 1060//52 579//52 1281//52
f 879//52 579//52 880//53
f 852//813 871//814 854//817
f 853//815 854//817 871//814
f 1117//510 963//212 362//299
f 882//52 875//52 579//52
f 1186//53 579//52 879//52
f 574//512 1117//510 767//642
f 822//762 532//461 852//813
f 632//539 630//537 663//536
f 804//539 663//536 630//537
f 875//52 1080//52 579//52
f 880//53 579//52 962//52
f 962//52 579//52 1060//52
f 873//52 579//52 1080//52
f 873//52 874//52 579//52
f 532//461 544//473 852//813
f 189//106 1451//559 802//733
f 1281//52 579//52 874//52
f 1450//524 582//518 1451//559
f 738//602 1488//649 298//213
f 657//557 752//618 1488//649
f 715//584 1488//649 738//602
f 298//213 1488//649 362//299
f 362//299 1488//649 767//642
f 802//733 1451//559 803//732
f 1480//52 579//52 869//52
f 854//817 510//442 852//813
f 1133//784 1134//784 1488//649
f 804//539 1451//559 663//536
f 803//732 1451//559 804//539
f 1467//786 1134//784 1466//786
f 1086//1 855//2 1007//2
f 1086//1 1007//2 1074//1
f 1086//1 1074//1 856//1
f 1467//786 1466//786 1385//789
f 822//762 542//472 533//460
f 856//1 1573//1 1086//1
f 1258//818 1571//818 857//818
f 535//467 542//472 858//819
f 1567//48 720//48 1175//48
f 535//467 531//462 542//472
f 868//821 630//537 1334//820
f 1334//820 630//537 581//519
f 1566//48 1029//48 1567//48
f 585//521 1334//820 581//519
f 1483//629 1481//629 1565//629
f 614//531 1334//820 800//728
f 1029//48 1093//48 301//48
f 850//38 1005//810 58//38
f 510//442 512//440 852//813
f 614//531 698//578 1334//820
f 1276//530 931//377 1188//529
f 931//377 932//583 1188//529
f 809//738 698//578 614//531
f 738//602 932//583 715//584
f 64//44 62//41 61//42
f 820//764 852//813 512//440
f 673//565 672//566 870//816
f 672//566 511//441 870//816
f 1443//767 512//440 511//441
f 870//816 511//441 853//815
f 689//570 859//822 1334//820
f 425//376 1488//649 714//585
f 715//584 714//585 1488//649
f 1334//820 698//578 689//570
f 805//737 867//105 189//106
f 867//105 190//105 189//106
f 746//612 191//104 190//105
f 854//817 511//441 510//442
f 853//815 511//441 854//817
f 802//733 805//737 189//106
f 35//2 33//1 31//1
f 855//2 31//1 30//1
f 855//2 30//1 1007//2
f 868//821 1334//820 859//822
f 1521//1 847//1 1523//1
f 847//1 524//2 1523//1
f 523//1 1523//1 524//2
f 1389//1 525//1 524//2
f 1384//789 1385//789 1466//786
f 885//571 868//821 859//822
f 1384//789 1509//788 1385//789
f 689//570 885//571 859//822
f 533//460 532//461 822//762
f 698//578 809//738 156//88
f 156//88 263//160 698//578
f 809//738 1501//554 156//88
f 871//814 852//813 544//473
f 1059//824 47//29 1485//823
f 1059//824 1077//825 47//29
f 47//29 1077//825 1272//826
f 544//473 1457//827 871//814
f 995//829 1071//828 48//30
f 455//390 860//830 1123//205
f 543//474 1457//827 544//473
f 677//567 674//564 673//565
f 1272//826 1115//831 47//29
f 48//30 1072//832 995//829
f 48//30 47//29 1072//832
f 1115//831 1072//832 47//29
f 273//174 275//172 861//833
f 994//835 47//29 1082//834
f 1485//823 47//29 994//835
f 21//12 1082//834 47//29
f 294//204 1035//202 1036//836
f 22//11 20//8 19//9
f 861//833 862//837 51//31
f 1184//134 1123//205 860//830
f 863//838 294//204 1036//836
f 1036//836 1184//134 863//838
f 860//830 863//838 1184//134
f 19//9 18//10 1328//839
f 1037//698 1035//202 295//203
f 18//10 1242//841 987//840
f 1242//841 18//10 1215//796
f 1083//842 18//10 987//840
f 861//833 275//172 864//843
f 1089//842 18//10 1083//842
f 1328//839 18//10 1089//842
f 51//31 862//837 49//33
f 1216//796 1215//796 18//10
f 865//844 49//33 862//837
f 791//700 1037//698 295//203
f 20//8 281//181 18//10
f 455//390 1085//753 860//830
f 273//174 861//833 215//113
f 860//830 1085//753 863//838
f 863//838 1085//753 294//204
f 361//297 756//623 1085//753
f 294//204 1085//753 295//203
f 61//42 52//34 48//30
f 1071//828 1122//43 48//30
f 1122//43 63//43 48//30
f 49//33 865//844 858//819
f 589//527 494//422 1461//526
f 864//843 862//837 861//833
f 865//844 862//837 864//843
f 861//833 51//31 215//113
f 866//845 1167//103 1028//760
f 251//146 864//843 275//172
f 254//149 865//844 864//843
f 535//467 858//819 254//149
f 254//149 858//819 865//844
f 1528//803 1057//804 1058//804
f 1057//804 1530//809 1058//804
f 251//146 254//149 864//843
f 1336//425 1167//103 838//785
f 542//472 1167//103 866//845
f 1443//767 838//785 837//785
f 497//424 1336//425 838//785
f 822//762 839//787 1167//103
f 1479//792 1232//791 1478//792
f 1479//792 1478//792 1528//803
f 1531//808 1058//804 1530//809
f 839//787 837//785 1167//103
f 497//424 838//785 1443//767

