# WaveFront *.obj file (generated by Cinema 4D)

mtllib ./Workbench.mtl

v 3585.653700 3616.611700 -6742.983250
v -3585.653700 3616.611700 -6742.983250
v -3585.653700 3616.611700 6742.983250
v 3585.653700 3616.611700 6742.983250
v -3572.537200 4051.322400 6729.857650
v -3540.875300 4064.437300 6698.195650
v 3540.875200 4064.437300 6698.195650
v 3572.537200 4051.322400 6729.857650
v -3585.653700 4019.658900 6742.983250
v -3572.537200 4051.322400 6729.857650
v 3572.537200 4051.322400 6729.857650
v 3585.653700 4019.658900 6742.983250
v 3585.653700 3616.611700 6742.983250
v -3585.653700 3616.611700 6742.983250
v -3540.875300 4064.437300 -6698.204850
v 3540.875200 4064.437300 -6698.204850
v 3585.653700 4019.658900 -6742.983250
v -3585.653700 4019.658900 -6742.983250
v -3585.653700 3616.611700 -6742.983250
v 3585.653700 3616.611700 -6742.983250
v 3585.653700 3616.611700 -6742.983250
v 3585.653700 3616.611700 6742.983250
v 3585.653700 4019.658900 6742.983250
v 3585.653700 4019.658900 -6742.983250
v -3585.653700 3616.611700 6742.983250
v -3585.653700 3616.611700 -6742.983250
v -3585.653700 4019.658900 -6742.983250
v -3585.653700 4019.658900 6742.983250
v 3572.537200 4051.322400 6729.857650
v 3572.537200 4051.322400 -6729.868350
v 3572.537200 4051.322400 6729.857650
v 3572.537200 4051.322400 -6729.868350
v -3572.537200 4051.322400 6729.857650
v -3572.537200 4051.322400 -6729.868350
v -3572.537200 4051.322400 6729.857650
v -3572.537200 4051.322400 -6729.868350
v -3572.537200 4051.322400 -6729.868350
v 3572.537200 4051.322400 -6729.868350
v -3572.537200 4051.322400 -6729.868350
v 3572.537200 4051.322400 -6729.868350
v -3113.867200 616.159600 -6071.345150
v -3113.867200 616.159300 -6117.246650
v -3080.090300 662.648200 -6117.246650
v -3080.090300 662.648600 -6071.344750
v -3030.325300 691.380100 -6117.246650
v -3030.325300 691.380100 -6071.344750
v -2973.175100 697.386800 -6117.246650
v -2973.175100 697.386800 -6071.345150
v -2918.527200 679.629300 -6117.246650
v -2918.527200 679.629700 -6071.345150
v -2875.824000 641.178700 -6117.246650
v -2875.824000 641.179100 -6071.345150
v -2852.450600 588.683500 -6117.246650
v -2852.450600 588.683500 -6071.344750
v -2852.450600 531.220100 -6117.246650
v -2852.450600 531.220100 -6071.345150
v -2875.824000 478.724500 -6117.246650
v -2875.824000 478.724500 -6071.344750
v -2918.527200 440.273900 -6117.246650
v -2918.527200 440.274200 -6071.344750
v -2973.175100 422.516800 -6117.246650
v -2973.175100 422.516800 -6071.345150
v -3030.325300 428.523500 -6117.246650
v -3030.325300 428.523500 -6071.345150
v -3080.090300 457.255000 -6117.246650
v -3080.090300 457.255000 -6071.345150
v -3113.867200 503.743900 -6117.246650
v -3113.867200 503.743900 -6071.345150
v -3125.814800 559.951600 -6117.246650
v -3125.814800 559.952000 -6071.345150
v -3113.867200 616.159300 -6117.246650
v -3113.867200 616.159600 -6071.345150
v -3050.741600 588.055600 -6165.213050
v -2987.622100 559.952000 -6184.268950
v -3033.856200 611.300100 -6165.213050
v -3008.972200 625.666200 -6165.213050
v -2980.401600 628.669200 -6165.213050
v -2953.073100 619.790800 -6165.213050
v -2931.723000 600.565500 -6165.213050
v -2920.034800 574.317800 -6165.213050
v -2920.034800 545.586200 -6165.212650
v -2931.723000 519.338400 -6165.213050
v -2953.073100 500.113100 -6165.213050
v -2980.401600 491.234400 -6165.213050
v -3008.972200 494.237700 -6165.213050
v -3033.856200 508.603500 -6165.212650
v -3050.741600 531.848000 -6165.213050
v -3056.716900 559.952000 -6165.213050
v -3113.867200 616.159300 -6117.246650
v -3125.814800 559.951600 -6117.246650
v -3113.867200 503.743900 -6117.246650
v -3080.090300 457.255000 -6117.246650
v -3030.325300 428.523500 -6117.246650
v -2973.175100 422.516800 -6117.246650
v -2918.527200 440.273900 -6117.246650
v -2875.824000 478.724500 -6117.246650
v -2852.450600 531.220100 -6117.246650
v -2852.450600 588.683500 -6117.246650
v -2875.824000 641.178700 -6117.246650
v -2918.527200 679.629300 -6117.246650
v -2973.175100 697.386800 -6117.246650
v -3030.325300 691.380100 -6117.246650
v -3080.090300 662.648200 -6117.246650
v 3341.461200 457.255000 -5426.729550
v 3375.238000 503.743900 -5426.729550
v 3375.238000 503.743900 -5472.631050
v 3341.461200 457.255000 -5472.631050
v 3291.696200 428.523500 -5426.729550
v 3291.696200 428.523500 -5472.631050
v 3234.548900 422.516800 -5426.729550
v 3234.548900 422.516800 -5472.631050
v 3179.898100 440.273900 -5426.729550
v 3179.898100 440.273900 -5472.631050
v 3137.194800 478.724500 -5426.729550
v 3137.194800 478.724500 -5472.631050
v 3113.821400 531.219700 -5426.729550
v 3113.821400 531.219700 -5472.631050
v 3113.821400 588.683100 -5426.729550
v 3113.821400 588.683100 -5472.631050
v 3137.191800 641.178700 -5426.729550
v 3137.191800 641.178700 -5472.631050
v 3179.898100 679.629300 -5426.729550
v 3179.898100 679.629300 -5472.631050
v 3234.548900 697.386400 -5426.729550
v 3234.548900 697.386400 -5472.631050
v 3291.696200 691.380100 -5426.729550
v 3291.696200 691.380100 -5472.631050
v 3341.461200 662.648200 -5426.729550
v 3341.461200 662.648200 -5472.631050
v 3375.238000 616.159300 -5426.729550
v 3375.238000 616.159300 -5472.631050
v 3387.185700 559.951600 -5426.729550
v 3387.185700 559.951600 -5472.631050
v 3375.238000 503.743900 -5426.729550
v 3375.238000 503.743900 -5472.631050
v 3248.992900 559.951600 -5359.706850
v 3312.115500 531.847600 -5378.763550
v 3295.227000 508.603500 -5378.763550
v 3270.346100 494.237300 -5378.763550
v 3241.769400 491.234000 -5378.763550
v 3214.444000 500.112700 -5378.763550
v 3193.093900 519.338000 -5378.763550
v 3181.405600 545.585800 -5378.763550
v 3181.405600 574.317400 -5378.763550
v 3193.093900 600.565200 -5378.763550
v 3214.444000 619.790500 -5378.763550
v 3241.769400 628.669200 -5378.763550
v 3270.346100 625.665900 -5378.763550
v 3295.227000 611.300100 -5378.763550
v 3312.115500 588.055600 -5378.763550
v 3318.087800 559.951600 -5378.763550
v 3387.185700 559.951600 -5426.729550
v 3375.238000 503.743900 -5426.729550
v 3375.238000 616.159300 -5426.729550
v 3341.461200 662.648200 -5426.729550
v 3291.696200 691.380100 -5426.729550
v 3234.548900 697.386400 -5426.729550
v 3179.898100 679.629300 -5426.729550
v 3137.191800 641.178700 -5426.729550
v 3113.821400 588.683100 -5426.729550
v 3113.821400 531.219700 -5426.729550
v 3137.194800 478.724500 -5426.729550
v 3179.898100 440.273900 -5426.729550
v 3234.548900 422.516800 -5426.729550
v 3291.696200 428.523500 -5426.729550
v 3341.461200 457.255000 -5426.729550
v -2895.153800 1114.716900 6181.284350
v -2861.377000 1161.205900 6181.284350
v -2861.377000 1161.205900 6135.381350
v -2895.153800 1114.716900 6135.381350
v -2944.918800 1085.985400 6181.284350
v -2944.918800 1085.985400 6135.381350
v -3002.066100 1079.978800 6181.284350
v -3002.066100 1079.978800 6135.381350
v -3056.716900 1097.735800 6181.284350
v -3056.716900 1097.735800 6135.381350
v -3099.420200 1136.186400 6181.284350
v -3099.420200 1136.186400 6135.381350
v -3122.793600 1188.681600 6181.284350
v -3122.793600 1188.681600 6135.381350
v -3122.793600 1246.145100 6181.284350
v -3122.793600 1246.145100 6135.381350
v -3099.423200 1298.640600 6181.284350
v -3099.423200 1298.640600 6135.381350
v -3056.716900 1337.091300 6181.284350
v -3056.716900 1337.091300 6135.381350
v -3002.066100 1354.847900 6181.284350
v -3002.066100 1354.847900 6135.381350
v -2944.918800 1348.842100 6181.284350
v -2944.918800 1348.842100 6135.381350
v -2895.153800 1320.109800 6181.284350
v -2895.153800 1320.109800 6135.381350
v -2861.377000 1273.621200 6181.284350
v -2861.377000 1273.621200 6135.381350
v -2849.429300 1217.413500 6181.284350
v -2849.429300 1217.413500 6135.381350
v -2861.377000 1161.205900 6181.284350
v -2861.377000 1161.205900 6135.381350
v -2987.622100 1217.413500 6248.307050
v -2924.499500 1189.309500 6229.250350
v -2941.388000 1166.065400 6229.250350
v -2966.268900 1151.699300 6229.250350
v -2994.845600 1148.696000 6229.250350
v -3022.171000 1157.574700 6229.250350
v -3043.521100 1176.800000 6229.250350
v -3055.209400 1203.047800 6229.250350
v -3055.209400 1231.779300 6229.250350
v -3043.521100 1258.027100 6229.250350
v -3022.171000 1277.252400 6229.250350
v -2994.845600 1286.130700 6229.250350
v -2966.268900 1283.127800 6229.250350
v -2941.388000 1268.761600 6229.250350
v -2924.499500 1245.517500 6229.250350
v -2918.527200 1217.413500 6229.250350
v -2849.429300 1217.413500 6181.284350
v -2861.377000 1161.205900 6181.284350
v -2861.377000 1273.621200 6181.284350
v -2895.153800 1320.109800 6181.284350
v -2944.918800 1348.842100 6181.284350
v -3002.066100 1354.847900 6181.284350
v -3056.716900 1337.091300 6181.284350
v -3099.423200 1298.640600 6181.284350
v -3122.793600 1246.145100 6181.284350
v -3122.793600 1188.681600 6181.284350
v -3099.420200 1136.186400 6181.284350
v -3056.716900 1097.735800 6181.284350
v -3002.066100 1079.978800 6181.284350
v -2944.918800 1085.985400 6181.284350
v -2895.153800 1114.716900 6181.284350
v -3113.867200 1273.621200 5562.198650
v -3113.867200 1273.621200 5516.295650
v -3080.090300 1320.109800 5516.295650
v -3080.090300 1320.109800 5562.198650
v -3030.325300 1348.841700 5516.295650
v -3030.325300 1348.842100 5562.198650
v -2973.175100 1354.847900 5516.295650
v -2973.175100 1354.848700 5562.198650
v -2918.527200 1337.091300 5516.295650
v -2918.527200 1337.091300 5562.198650
v -2875.824000 1298.640600 5516.295650
v -2875.824000 1298.640600 5562.198650
v -2852.450600 1246.145100 5516.295650
v -2852.450600 1246.145400 5562.198650
v -2852.450600 1188.681600 5516.295650
v -2852.450600 1188.682000 5562.198650
v -2875.824000 1136.186400 5516.295650
v -2875.824000 1136.186400 5562.198650
v -2918.527200 1097.735800 5516.295650
v -2918.527200 1097.735800 5562.198650
v -2973.175100 1079.978400 5516.295650
v -2973.175100 1079.978800 5562.198650
v -3030.325300 1085.985000 5516.295650
v -3030.325300 1085.985400 5562.198650
v -3080.090300 1114.716900 5516.295650
v -3080.090300 1114.716900 5562.198650
v -3113.867200 1161.205900 5516.295650
v -3113.867200 1161.205900 5562.198650
v -3125.814800 1217.413500 5516.295650
v -3125.814800 1217.413500 5562.198650
v -3113.867200 1273.621200 5516.295650
v -3113.867200 1273.621200 5562.198650
v -3050.741600 1245.517500 5468.331150
v -2987.622100 1217.413500 5449.274450
v -3033.856200 1268.761600 5468.331150
v -3008.972200 1283.127800 5468.331150
v -2980.401600 1286.130700 5468.331150
v -2953.073100 1277.252400 5468.331150
v -2931.723000 1258.027100 5468.331150
v -2920.034800 1231.779700 5468.331150
v -2920.034800 1203.047800 5468.331150
v -2931.723000 1176.800000 5468.331150
v -2953.073100 1157.574700 5468.331150
v -2980.401600 1148.696300 5468.331150
v -3008.972200 1151.699600 5468.331150
v -3033.856200 1166.065400 5468.331150
v -3050.741600 1189.309900 5468.331150
v -3056.716900 1217.413500 5468.331150
v -3113.867200 1273.621200 5516.295650
v -3125.814800 1217.413500 5516.295650
v -3113.867200 1161.205900 5516.295650
v -3080.090300 1114.716900 5516.295650
v -3030.325300 1085.985000 5516.295650
v -2973.175100 1079.978400 5516.295650
v -2918.527200 1097.735800 5516.295650
v -2875.824000 1136.186400 5516.295650
v -2852.450600 1188.681600 5516.295650
v -2852.450600 1246.145100 5516.295650
v -2875.824000 1298.640600 5516.295650
v -2918.527200 1337.091300 5516.295650
v -2973.175100 1354.847900 5516.295650
v -3030.325300 1348.841700 5516.295650
v -3080.090300 1320.109800 5516.295650
v -2780.365000 -4064.437300 -5986.719550
v -2714.038100 -4064.437300 -5895.430750
v -2714.038100 -3834.463300 -5895.430750
v -2780.365000 -3834.463300 -5986.719550
v -2878.085300 -4064.437300 -6043.140050
v -2878.085300 -3834.463300 -6043.140050
v -2990.307600 -4064.437300 -6054.934650
v -2990.307600 -3834.463300 -6054.934650
v -3097.622700 -4064.437300 -6020.066050
v -3097.622700 -3834.463300 -6020.066050
v -3181.478900 -4064.437300 -5944.561050
v -3181.478900 -3834.463300 -5944.561050
v -3227.374300 -4064.437300 -5841.477150
v -3227.374300 -3834.463300 -5841.477150
v -3227.374300 -4064.437300 -5728.638450
v -3227.374300 -3834.463300 -5728.638450
v -3181.478900 -4064.437300 -5625.553150
v -3181.478900 -3834.463300 -5625.553150
v -3097.622700 -4064.437300 -5550.049550
v -3097.622700 -3834.463300 -5550.049550
v -2990.307600 -4064.437300 -5515.180250
v -2990.307600 -3834.463300 -5515.180250
v -2878.085300 -4064.437300 -5526.974450
v -2878.085300 -3834.463300 -5526.974450
v -2780.365000 -4064.437300 -5583.394650
v -2780.365000 -3834.463300 -5583.394650
v -2714.038100 -4064.437300 -5674.683350
v -2714.038100 -3834.463300 -5674.683350
v -2690.576200 -4064.437300 -5785.057850
v -2690.576200 -3834.463300 -5785.057850
v -2714.038100 -4064.437300 -5895.430750
v -2714.038100 -3834.463300 -5895.430750
v -2961.941500 -4064.437300 -5785.057850
v -2714.038100 -4064.437300 -5895.430750
v -2780.365000 -4064.437300 -5986.719550
v -2878.085300 -4064.437300 -6043.140050
v -2990.307600 -4064.437300 -6054.934650
v -3097.622700 -4064.437300 -6020.066050
v -3181.478900 -4064.437300 -5944.561050
v -3227.374300 -4064.437300 -5841.477150
v -3227.374300 -4064.437300 -5728.638450
v -3181.478900 -4064.437300 -5625.553150
v -3097.622700 -4064.437300 -5550.049550
v -2990.307600 -4064.437300 -5515.180250
v -2878.085300 -4064.437300 -5526.974450
v -2780.365000 -4064.437300 -5583.394650
v -2714.038100 -4064.437300 -5674.683350
v -2690.576200 -4064.437300 -5785.057850
v 3410.943600 -4064.437300 5638.164550
v 3477.270500 -4064.437300 5729.454850
v 3477.270500 -3834.463300 5729.454850
v 3410.943600 -3834.463300 5638.164550
v 3313.223300 -4064.437300 5581.743650
v 3313.223300 -3834.463300 5581.743650
v 3201.001000 -4064.437300 5569.950150
v 3201.001000 -3834.463300 5569.950150
v 3093.685900 -4064.437300 5604.819450
v 3093.685900 -3834.463300 5604.819450
v 3009.829700 -4064.437300 5680.324550
v 3009.829700 -3834.463300 5680.324550
v 2963.934300 -4064.437300 5783.408350
v 2963.934300 -3834.463300 5783.408350
v 2963.934300 -4064.437300 5896.247150
v 2963.934300 -3834.463300 5896.247150
v 3009.829700 -4064.437300 5999.330950
v 3009.829700 -3834.463300 5999.330950
v 3093.685900 -4064.437300 6074.834450
v 3093.685900 -3834.463300 6074.834450
v 3201.001000 -4064.437300 6109.705350
v 3201.001000 -3834.463300 6109.705350
v 3313.223300 -4064.437300 6097.910350
v 3313.223300 -3834.463300 6097.910350
v 3410.943600 -4064.437300 6041.490950
v 3410.943600 -3834.463300 6041.490950
v 3477.270500 -4064.437300 5950.200650
v 3477.270500 -3834.463300 5950.200650
v 3500.732400 -4064.437300 5839.827750
v 3500.732400 -3834.463300 5839.827750
v 3477.270500 -4064.437300 5729.454850
v 3477.270500 -3834.463300 5729.454850
v 3229.367100 -4064.437300 5839.827750
v 3477.270500 -4064.437300 5729.454850
v 3410.943600 -4064.437300 5638.164550
v 3313.223300 -4064.437300 5581.743650
v 3201.001000 -4064.437300 5569.950150
v 3093.685900 -4064.437300 5604.819450
v 3009.829700 -4064.437300 5680.324550
v 2963.934300 -4064.437300 5783.408350
v 2963.934300 -4064.437300 5896.247150
v 3009.829700 -4064.437300 5999.330950
v 3093.685900 -4064.437300 6074.834450
v 3201.001000 -4064.437300 6109.705350
v 3313.223300 -4064.437300 6097.910350
v 3410.943600 -4064.437300 6041.490950
v 3477.270500 -4064.437300 5950.200650
v 3500.732400 -4064.437300 5839.827750
v 3122.747800 1273.621200 -6071.345150
v 3122.747800 1273.621200 -6117.246650
v 3156.524600 1320.109800 -6117.246650
v 3156.524600 1320.109800 -6071.344750
v 3206.289700 1348.841700 -6117.246650
v 3206.289700 1348.842100 -6071.344750
v 3263.436900 1354.847900 -6117.246650
v 3263.436900 1354.848700 -6071.345150
v 3318.087800 1337.091300 -6117.246650
v 3318.087800 1337.091300 -6071.345150
v 3360.791000 1298.640600 -6117.246650
v 3360.791000 1298.640600 -6071.345150
v 3384.164400 1246.145100 -6117.246650
v 3384.164400 1246.145400 -6071.344750
v 3384.164400 1188.681600 -6117.246650
v 3384.164400 1188.682000 -6071.345150
v 3360.791000 1136.186400 -6117.246650
v 3360.791000 1136.186400 -6071.344750
v 3318.087800 1097.735800 -6117.246650
v 3318.087800 1097.735800 -6071.344750
v 3263.436900 1079.978400 -6117.246650
v 3263.436900 1079.978800 -6071.345150
v 3206.289700 1085.985000 -6117.246650
v 3206.289700 1085.985400 -6071.345150
v 3156.524600 1114.716900 -6117.246650
v 3156.524600 1114.716900 -6071.345150
v 3122.747800 1161.205900 -6117.246650
v 3122.747800 1161.205900 -6071.345150
v 3110.800200 1217.413500 -6117.246650
v 3110.800200 1217.413500 -6071.345150
v 3122.747800 1273.621200 -6117.246650
v 3122.747800 1273.621200 -6071.345150
v 3185.870300 1245.517500 -6165.213050
v 3248.992900 1217.413500 -6184.268950
v 3202.758800 1268.761600 -6165.213050
v 3227.639800 1283.127800 -6165.213050
v 3256.213400 1286.130700 -6165.213050
v 3283.538800 1277.252400 -6165.213050
v 3304.892000 1258.027100 -6165.213050
v 3316.577100 1231.779700 -6165.213050
v 3316.577100 1203.047800 -6165.212650
v 3304.892000 1176.800000 -6165.213050
v 3283.538800 1157.574700 -6165.213050
v 3256.213400 1148.696300 -6165.213050
v 3227.639800 1151.699600 -6165.213050
v 3202.758800 1166.065400 -6165.212650
v 3185.870300 1189.309900 -6165.213050
v 3179.895000 1217.413500 -6165.213050
v 3122.747800 1273.621200 -6117.246650
v 3110.800200 1217.413500 -6117.246650
v 3122.747800 1161.205900 -6117.246650
v 3156.524600 1114.716900 -6117.246650
v 3206.289700 1085.985000 -6117.246650
v 3263.436900 1079.978400 -6117.246650
v 3318.087800 1097.735800 -6117.246650
v 3360.791000 1136.186400 -6117.246650
v 3384.164400 1188.681600 -6117.246650
v 3384.164400 1246.145100 -6117.246650
v 3360.791000 1298.640600 -6117.246650
v 3318.087800 1337.091300 -6117.246650
v 3263.436900 1354.847900 -6117.246650
v 3206.289700 1348.841700 -6117.246650
v 3156.524600 1320.109800 -6117.246650
v -2780.365000 -4064.437300 5638.164550
v -2714.038100 -4064.437300 5729.454850
v -2714.038100 -3834.463300 5729.454850
v -2780.365000 -3834.463300 5638.164550
v -2878.085300 -4064.437300 5581.743650
v -2878.085300 -3834.463300 5581.743650
v -2990.307600 -4064.437300 5569.950150
v -2990.307600 -3834.463300 5569.950150
v -3097.622700 -4064.437300 5604.819450
v -3097.622700 -3834.463300 5604.819450
v -3181.478900 -4064.437300 5680.324550
v -3181.478900 -3834.463300 5680.324550
v -3227.374300 -4064.437300 5783.408350
v -3227.374300 -3834.463300 5783.408350
v -3227.374300 -4064.437300 5896.247150
v -3227.374300 -3834.463300 5896.247150
v -3181.478900 -4064.437300 5999.330950
v -3181.478900 -3834.463300 5999.330950
v -3097.622700 -4064.437300 6074.834450
v -3097.622700 -3834.463300 6074.834450
v -2990.307600 -4064.437300 6109.705350
v -2990.307600 -3834.463300 6109.705350
v -2878.085300 -4064.437300 6097.910350
v -2878.085300 -3834.463300 6097.910350
v -2780.365000 -4064.437300 6041.490950
v -2780.365000 -3834.463300 6041.490950
v -2714.038100 -4064.437300 5950.200650
v -2714.038100 -3834.463300 5950.200650
v -2690.576200 -4064.437300 5839.827750
v -2690.576200 -3834.463300 5839.827750
v -2714.038100 -4064.437300 5729.454850
v -2714.038100 -3834.463300 5729.454850
v -2961.941500 -4064.437300 5839.827750
v -2714.038100 -4064.437300 5729.454850
v -2780.365000 -4064.437300 5638.164550
v -2878.085300 -4064.437300 5581.743650
v -2990.307600 -4064.437300 5569.950150
v -3097.622700 -4064.437300 5604.819450
v -3181.478900 -4064.437300 5680.324550
v -3227.374300 -4064.437300 5783.408350
v -3227.374300 -4064.437300 5896.247150
v -3181.478900 -4064.437300 5999.330950
v -3097.622700 -4064.437300 6074.834450
v -2990.307600 -4064.437300 6109.705350
v -2878.085300 -4064.437300 6097.910350
v -2780.365000 -4064.437300 6041.490950
v -2714.038100 -4064.437300 5950.200650
v -2690.576200 -4064.437300 5839.827750
v 3122.747800 616.159600 -6071.345150
v 3122.747800 616.159300 -6117.246650
v 3156.524600 662.648200 -6117.246650
v 3156.524600 662.648600 -6071.344750
v 3206.289700 691.380100 -6117.246650
v 3206.289700 691.380100 -6071.344750
v 3263.436900 697.386800 -6117.246650
v 3263.436900 697.386800 -6071.345150
v 3318.087800 679.629300 -6117.246650
v 3318.087800 679.629700 -6071.345150
v 3360.791000 641.178700 -6117.246650
v 3360.791000 641.179100 -6071.345150
v 3384.164400 588.683500 -6117.246650
v 3384.164400 588.683500 -6071.344750
v 3384.164400 531.220100 -6117.246650
v 3384.164400 531.220100 -6071.345150
v 3360.791000 478.724500 -6117.246650
v 3360.791000 478.724500 -6071.344750
v 3318.087800 440.273900 -6117.246650
v 3318.087800 440.274200 -6071.344750
v 3263.436900 422.516800 -6117.246650
v 3263.436900 422.516800 -6071.345150
v 3206.289700 428.523500 -6117.246650
v 3206.289700 428.523500 -6071.345150
v 3156.524600 457.255000 -6117.246650
v 3156.524600 457.255000 -6071.345150
v 3122.747800 503.743900 -6117.246650
v 3122.747800 503.743900 -6071.345150
v 3110.800200 559.951600 -6117.246650
v 3110.800200 559.952000 -6071.345150
v 3122.747800 616.159300 -6117.246650
v 3122.747800 616.159600 -6071.345150
v 3185.870300 588.055600 -6165.213050
v 3248.992900 559.952000 -6184.268950
v 3202.758800 611.300100 -6165.213050
v 3227.639800 625.666200 -6165.213050
v 3256.213400 628.669200 -6165.213050
v 3283.538800 619.790800 -6165.213050
v 3304.892000 600.565500 -6165.213050
v 3316.577100 574.317800 -6165.213050
v 3316.577100 545.586200 -6165.212650
v 3304.892000 519.338400 -6165.213050
v 3283.538800 500.113100 -6165.213050
v 3256.213400 491.234400 -6165.213050
v 3227.639800 494.237700 -6165.213050
v 3202.758800 508.603500 -6165.212650
v 3185.870300 531.848000 -6165.213050
v 3179.895000 559.952000 -6165.213050
v 3122.747800 616.159300 -6117.246650
v 3110.800200 559.951600 -6117.246650
v 3122.747800 503.743900 -6117.246650
v 3156.524600 457.255000 -6117.246650
v 3206.289700 428.523500 -6117.246650
v 3263.436900 422.516800 -6117.246650
v 3318.087800 440.273900 -6117.246650
v 3360.791000 478.724500 -6117.246650
v 3384.164400 531.220100 -6117.246650
v 3384.164400 588.683500 -6117.246650
v 3360.791000 641.178700 -6117.246650
v 3318.087800 679.629300 -6117.246650
v 3263.436900 697.386800 -6117.246650
v 3206.289700 691.380100 -6117.246650
v 3156.524600 662.648200 -6117.246650
v 3122.747800 616.159600 5562.198650
v 3122.747800 616.159300 5516.295650
v 3156.524600 662.648200 5516.295650
v 3156.524600 662.648600 5562.198650
v 3206.289700 691.380100 5516.295650
v 3206.289700 691.380100 5562.198650
v 3263.436900 697.386800 5516.295650
v 3263.436900 697.386800 5562.198650
v 3318.087800 679.629300 5516.295650
v 3318.087800 679.629700 5562.198650
v 3360.791000 641.178700 5516.295650
v 3360.791000 641.179100 5562.198650
v 3384.164400 588.683500 5516.295650
v 3384.164400 588.683500 5562.198650
v 3384.164400 531.220100 5516.295650
v 3384.164400 531.220100 5562.198650
v 3360.791000 478.724500 5516.295650
v 3360.791000 478.724500 5562.198650
v 3318.087800 440.273900 5516.295650
v 3318.087800 440.274200 5562.198650
v 3263.436900 422.516800 5516.295650
v 3263.436900 422.516800 5562.198650
v 3206.289700 428.523500 5516.295650
v 3206.289700 428.523500 5562.198650
v 3156.524600 457.255000 5516.295650
v 3156.524600 457.255000 5562.198650
v 3122.747800 503.743900 5516.295650
v 3122.747800 503.743900 5562.198650
v 3110.800200 559.951600 5516.295650
v 3110.800200 559.952000 5562.198650
v 3122.747800 616.159300 5516.295650
v 3122.747800 616.159600 5562.198650
v 3185.870300 588.055600 5468.331150
v 3248.992900 559.952000 5449.274450
v 3202.758800 611.300100 5468.331150
v 3227.639800 625.666200 5468.331150
v 3256.213400 628.669200 5468.331150
v 3283.538800 619.790800 5468.331150
v 3304.892000 600.565500 5468.331150
v 3316.577100 574.317800 5468.331150
v 3316.577100 545.586200 5468.331150
v 3304.892000 519.338400 5468.331150
v 3283.538800 500.113100 5468.331150
v 3256.213400 491.234400 5468.331150
v 3227.639800 494.237700 5468.331150
v 3202.758800 508.603500 5468.331150
v 3185.870300 531.848000 5468.331150
v 3179.895000 559.952000 5468.331150
v 3122.747800 616.159300 5516.295650
v 3110.800200 559.951600 5516.295650
v 3122.747800 503.743900 5516.295650
v 3156.524600 457.255000 5516.295650
v 3206.289700 428.523500 5516.295650
v 3263.436900 422.516800 5516.295650
v 3318.087800 440.273900 5516.295650
v 3360.791000 478.724500 5516.295650
v 3384.164400 531.220100 5516.295650
v 3384.164400 588.683500 5516.295650
v 3360.791000 641.178700 5516.295650
v 3318.087800 679.629300 5516.295650
v 3263.436900 697.386800 5516.295650
v 3206.289700 691.380100 5516.295650
v 3156.524600 662.648200 5516.295650
v 3341.461200 1114.716900 6181.284350
v 3375.238000 1161.205900 6181.284350
v 3375.238000 1161.205900 6135.381350
v 3341.461200 1114.716900 6135.381350
v 3291.696200 1085.985400 6181.284350
v 3291.696200 1085.985400 6135.381350
v 3234.548900 1079.978800 6181.284350
v 3234.548900 1079.978800 6135.381350
v 3179.898100 1097.735800 6181.284350
v 3179.898100 1097.735800 6135.381350
v 3137.194800 1136.186400 6181.284350
v 3137.194800 1136.186400 6135.381350
v 3113.821400 1188.681600 6181.284350
v 3113.821400 1188.681600 6135.381350
v 3113.821400 1246.145100 6181.284350
v 3113.821400 1246.145100 6135.381350
v 3137.191800 1298.640600 6181.284350
v 3137.191800 1298.640600 6135.381350
v 3179.898100 1337.091300 6181.284350
v 3179.898100 1337.091300 6135.381350
v 3234.548900 1354.847900 6181.284350
v 3234.548900 1354.847900 6135.381350
v 3291.696200 1348.842100 6181.284350
v 3291.696200 1348.842100 6135.381350
v 3341.461200 1320.109800 6181.284350
v 3341.461200 1320.109800 6135.381350
v 3375.238000 1273.621200 6181.284350
v 3375.238000 1273.621200 6135.381350
v 3387.185700 1217.413500 6181.284350
v 3387.185700 1217.413500 6135.381350
v 3375.238000 1161.205900 6181.284350
v 3375.238000 1161.205900 6135.381350
v 3248.992900 1217.413500 6248.307050
v 3312.115500 1189.309500 6229.250350
v 3295.227000 1166.065400 6229.250350
v 3270.346100 1151.699300 6229.250350
v 3241.769400 1148.696000 6229.250350
v 3214.444000 1157.574700 6229.250350
v 3193.093900 1176.800000 6229.250350
v 3181.405600 1203.047800 6229.250350
v 3181.405600 1231.779300 6229.250350
v 3193.093900 1258.027100 6229.250350
v 3214.444000 1277.252400 6229.250350
v 3241.769400 1286.130700 6229.250350
v 3270.346100 1283.127800 6229.250350
v 3295.227000 1268.761600 6229.250350
v 3312.115500 1245.517500 6229.250350
v 3318.087800 1217.413500 6229.250350
v 3387.185700 1217.413500 6181.284350
v 3375.238000 1161.205900 6181.284350
v 3375.238000 1273.621200 6181.284350
v 3341.461200 1320.109800 6181.284350
v 3291.696200 1348.842100 6181.284350
v 3234.548900 1354.847900 6181.284350
v 3179.898100 1337.091300 6181.284350
v 3137.191800 1298.640600 6181.284350
v 3113.821400 1246.145100 6181.284350
v 3113.821400 1188.681600 6181.284350
v 3137.194800 1136.186400 6181.284350
v 3179.898100 1097.735800 6181.284350
v 3234.548900 1079.978800 6181.284350
v 3291.696200 1085.985400 6181.284350
v 3341.461200 1114.716900 6181.284350
v 3341.461200 457.255000 6181.284350
v 3375.238000 503.743900 6181.284350
v 3375.238000 503.743900 6135.381350
v 3341.461200 457.255000 6135.381350
v 3291.696200 428.523500 6181.284350
v 3291.696200 428.523500 6135.381350
v 3234.548900 422.516800 6181.284350
v 3234.548900 422.516800 6135.381350
v 3179.898100 440.273900 6181.284350
v 3179.898100 440.273900 6135.381350
v 3137.194800 478.724500 6181.284350
v 3137.194800 478.724500 6135.381350
v 3113.821400 531.219700 6181.284350
v 3113.821400 531.219700 6135.381350
v 3113.821400 588.683100 6181.284350
v 3113.821400 588.683100 6135.381350
v 3137.191800 641.178700 6181.284350
v 3137.191800 641.178700 6135.381350
v 3179.898100 679.629300 6181.284350
v 3179.898100 679.629300 6135.381350
v 3234.548900 697.386400 6181.284350
v 3234.548900 697.386400 6135.381350
v 3291.696200 691.380100 6181.284350
v 3291.696200 691.380100 6135.381350
v 3341.461200 662.648200 6181.284350
v 3341.461200 662.648200 6135.381350
v 3375.238000 616.159300 6181.284350
v 3375.238000 616.159300 6135.381350
v 3387.185700 559.951600 6181.284350
v 3387.185700 559.951600 6135.381350
v 3375.238000 503.743900 6181.284350
v 3375.238000 503.743900 6135.381350
v 3248.992900 559.951600 6248.307050
v 3312.115500 531.847600 6229.250350
v 3295.227000 508.603500 6229.250350
v 3270.346100 494.237300 6229.250350
v 3241.769400 491.234000 6229.250350
v 3214.444000 500.112700 6229.250350
v 3193.093900 519.338000 6229.250350
v 3181.405600 545.585800 6229.250350
v 3181.405600 574.317400 6229.250350
v 3193.093900 600.565200 6229.250350
v 3214.444000 619.790500 6229.250350
v 3241.769400 628.669200 6229.250350
v 3270.346100 625.665900 6229.250350
v 3295.227000 611.300100 6229.250350
v 3312.115500 588.055600 6229.250350
v 3318.087800 559.951600 6229.250350
v 3387.185700 559.951600 6181.284350
v 3375.238000 503.743900 6181.284350
v 3375.238000 616.159300 6181.284350
v 3341.461200 662.648200 6181.284350
v 3291.696200 691.380100 6181.284350
v 3234.548900 697.386400 6181.284350
v 3179.898100 679.629300 6181.284350
v 3137.191800 641.178700 6181.284350
v 3113.821400 588.683100 6181.284350
v 3113.821400 531.219700 6181.284350
v 3137.194800 478.724500 6181.284350
v 3179.898100 440.273900 6181.284350
v 3234.548900 422.516800 6181.284350
v 3291.696200 428.523500 6181.284350
v 3341.461200 457.255000 6181.284350
v 3410.943600 -4064.437300 -5986.719550
v 3477.270500 -4064.437300 -5895.430750
v 3477.270500 -3834.463300 -5895.430750
v 3410.943600 -3834.463300 -5986.719550
v 3313.223300 -4064.437300 -6043.140050
v 3313.223300 -3834.463300 -6043.140050
v 3201.001000 -4064.437300 -6054.934650
v 3201.001000 -3834.463300 -6054.934650
v 3093.685900 -4064.437300 -6020.066050
v 3093.685900 -3834.463300 -6020.066050
v 3009.829700 -4064.437300 -5944.561050
v 3009.829700 -3834.463300 -5944.561050
v 2963.934300 -4064.437300 -5841.477150
v 2963.934300 -3834.463300 -5841.477150
v 2963.934300 -4064.437300 -5728.638450
v 2963.934300 -3834.463300 -5728.638450
v 3009.829700 -4064.437300 -5625.553150
v 3009.829700 -3834.463300 -5625.553150
v 3093.685900 -4064.437300 -5550.049550
v 3093.685900 -3834.463300 -5550.049550
v 3201.001000 -4064.437300 -5515.180250
v 3201.001000 -3834.463300 -5515.180250
v 3313.223300 -4064.437300 -5526.974450
v 3313.223300 -3834.463300 -5526.974450
v 3410.943600 -4064.437300 -5583.394650
v 3410.943600 -3834.463300 -5583.394650
v 3477.270500 -4064.437300 -5674.683350
v 3477.270500 -3834.463300 -5674.683350
v 3500.732400 -4064.437300 -5785.057850
v 3500.732400 -3834.463300 -5785.057850
v 3477.270500 -4064.437300 -5895.430750
v 3477.270500 -3834.463300 -5895.430750
v 3229.367100 -4064.437300 -5785.057850
v 3477.270500 -4064.437300 -5895.430750
v 3410.943600 -4064.437300 -5986.719550
v 3313.223300 -4064.437300 -6043.140050
v 3201.001000 -4064.437300 -6054.934650
v 3093.685900 -4064.437300 -6020.066050
v 3009.829700 -4064.437300 -5944.561050
v 2963.934300 -4064.437300 -5841.477150
v 2963.934300 -4064.437300 -5728.638450
v 3009.829700 -4064.437300 -5625.553150
v 3093.685900 -4064.437300 -5550.049550
v 3201.001000 -4064.437300 -5515.180250
v 3313.223300 -4064.437300 -5526.974450
v 3410.943600 -4064.437300 -5583.394650
v 3477.270500 -4064.437300 -5674.683350
v 3500.732400 -4064.437300 -5785.057850
v -2895.153800 1114.716900 -5426.729550
v -2861.377000 1161.205900 -5426.729550
v -2861.377000 1161.205900 -5472.631050
v -2895.153800 1114.716900 -5472.631050
v -2944.918800 1085.985400 -5426.729550
v -2944.918800 1085.985400 -5472.631050
v -3002.066100 1079.978800 -5426.729550
v -3002.066100 1079.978800 -5472.631050
v -3056.716900 1097.735800 -5426.729550
v -3056.716900 1097.735800 -5472.631050
v -3099.420200 1136.186400 -5426.729550
v -3099.420200 1136.186400 -5472.631050
v -3122.793600 1188.681600 -5426.729550
v -3122.793600 1188.681600 -5472.631050
v -3122.793600 1246.145100 -5426.729550
v -3122.793600 1246.145100 -5472.631050
v -3099.423200 1298.640600 -5426.729550
v -3099.423200 1298.640600 -5472.631050
v -3056.716900 1337.091300 -5426.729550
v -3056.716900 1337.091300 -5472.631050
v -3002.066100 1354.847900 -5426.729550
v -3002.066100 1354.847900 -5472.631050
v -2944.918800 1348.842100 -5426.729550
v -2944.918800 1348.842100 -5472.631050
v -2895.153800 1320.109800 -5426.729550
v -2895.153800 1320.109800 -5472.631050
v -2861.377000 1273.621200 -5426.729550
v -2861.377000 1273.621200 -5472.631050
v -2849.429300 1217.413500 -5426.729550
v -2849.429300 1217.413500 -5472.631050
v -2861.377000 1161.205900 -5426.729550
v -2861.377000 1161.205900 -5472.631050
v -2987.622100 1217.413500 -5359.706850
v -2924.499500 1189.309500 -5378.763550
v -2941.388000 1166.065400 -5378.763550
v -2966.268900 1151.699300 -5378.763550
v -2994.845600 1148.696000 -5378.763550
v -3022.171000 1157.574700 -5378.763550
v -3043.521100 1176.800000 -5378.763550
v -3055.209400 1203.047800 -5378.763550
v -3055.209400 1231.779300 -5378.763550
v -3043.521100 1258.027100 -5378.763550
v -3022.171000 1277.252400 -5378.763550
v -2994.845600 1286.130700 -5378.763550
v -2966.268900 1283.127800 -5378.763550
v -2941.388000 1268.761600 -5378.763550
v -2924.499500 1245.517500 -5378.763550
v -2918.527200 1217.413500 -5378.763550
v -2849.429300 1217.413500 -5426.729550
v -2861.377000 1161.205900 -5426.729550
v -2861.377000 1273.621200 -5426.729550
v -2895.153800 1320.109800 -5426.729550
v -2944.918800 1348.842100 -5426.729550
v -3002.066100 1354.847900 -5426.729550
v -3056.716900 1337.091300 -5426.729550
v -3099.423200 1298.640600 -5426.729550
v -3122.793600 1246.145100 -5426.729550
v -3122.793600 1188.681600 -5426.729550
v -3099.420200 1136.186400 -5426.729550
v -3056.716900 1097.735800 -5426.729550
v -3002.066100 1079.978800 -5426.729550
v -2944.918800 1085.985400 -5426.729550
v -2895.153800 1114.716900 -5426.729550
v -3113.867200 616.159600 5562.198650
v -3113.867200 616.159300 5516.295650
v -3080.090300 662.648200 5516.295650
v -3080.090300 662.648600 5562.198650
v -3030.325300 691.380100 5516.295650
v -3030.325300 691.380100 5562.198650
v -2973.175100 697.386800 5516.295650
v -2973.175100 697.386800 5562.198650
v -2918.527200 679.629300 5516.295650
v -2918.527200 679.629700 5562.198650
v -2875.824000 641.178700 5516.295650
v -2875.824000 641.179100 5562.198650
v -2852.450600 588.683500 5516.295650
v -2852.450600 588.683500 5562.198650
v -2852.450600 531.220100 5516.295650
v -2852.450600 531.220100 5562.198650
v -2875.824000 478.724500 5516.295650
v -2875.824000 478.724500 5562.198650
v -2918.527200 440.273900 5516.295650
v -2918.527200 440.274200 5562.198650
v -2973.175100 422.516800 5516.295650
v -2973.175100 422.516800 5562.198650
v -3030.325300 428.523500 5516.295650
v -3030.325300 428.523500 5562.198650
v -3080.090300 457.255000 5516.295650
v -3080.090300 457.255000 5562.198650
v -3113.867200 503.743900 5516.295650
v -3113.867200 503.743900 5562.198650
v -3125.814800 559.951600 5516.295650
v -3125.814800 559.952000 5562.198650
v -3113.867200 616.159300 5516.295650
v -3113.867200 616.159600 5562.198650
v -3050.741600 588.055600 5468.331150
v -2987.622100 559.952000 5449.274450
v -3033.856200 611.300100 5468.331150
v -3008.972200 625.666200 5468.331150
v -2980.401600 628.669200 5468.331150
v -2953.073100 619.790800 5468.331150
v -2931.723000 600.565500 5468.331150
v -2920.034800 574.317800 5468.331150
v -2920.034800 545.586200 5468.331150
v -2931.723000 519.338400 5468.331150
v -2953.073100 500.113100 5468.331150
v -2980.401600 491.234400 5468.331150
v -3008.972200 494.237700 5468.331150
v -3033.856200 508.603500 5468.331150
v -3050.741600 531.848000 5468.331150
v -3056.716900 559.952000 5468.331150
v -3113.867200 616.159300 5516.295650
v -3125.814800 559.951600 5516.295650
v -3113.867200 503.743900 5516.295650
v -3080.090300 457.255000 5516.295650
v -3030.325300 428.523500 5516.295650
v -2973.175100 422.516800 5516.295650
v -2918.527200 440.273900 5516.295650
v -2875.824000 478.724500 5516.295650
v -2852.450600 531.220100 5516.295650
v -2852.450600 588.683500 5516.295650
v -2875.824000 641.178700 5516.295650
v -2918.527200 679.629300 5516.295650
v -2973.175100 697.386800 5516.295650
v -3030.325300 691.380100 5516.295650
v -3080.090300 662.648200 5516.295650
v -2895.153800 457.255000 6181.284350
v -2861.377000 503.743900 6181.284350
v -2861.377000 503.743900 6135.381350
v -2895.153800 457.255000 6135.381350
v -2944.918800 428.523500 6181.284350
v -2944.918800 428.523500 6135.381350
v -3002.066100 422.516800 6181.284350
v -3002.066100 422.516800 6135.381350
v -3056.716900 440.273900 6181.284350
v -3056.716900 440.273900 6135.381350
v -3099.420200 478.724500 6181.284350
v -3099.420200 478.724500 6135.381350
v -3122.793600 531.219700 6181.284350
v -3122.793600 531.219700 6135.381350
v -3122.793600 588.683100 6181.284350
v -3122.793600 588.683100 6135.381350
v -3099.423200 641.178700 6181.284350
v -3099.423200 641.178700 6135.381350
v -3056.716900 679.629300 6181.284350
v -3056.716900 679.629300 6135.381350
v -3002.066100 697.386400 6181.284350
v -3002.066100 697.386400 6135.381350
v -2944.918800 691.380100 6181.284350
v -2944.918800 691.380100 6135.381350
v -2895.153800 662.648200 6181.284350
v -2895.153800 662.648200 6135.381350
v -2861.377000 616.159300 6181.284350
v -2861.377000 616.159300 6135.381350
v -2849.429300 559.951600 6181.284350
v -2849.429300 559.951600 6135.381350
v -2861.377000 503.743900 6181.284350
v -2861.377000 503.743900 6135.381350
v -2987.622100 559.951600 6248.307050
v -2924.499500 531.847600 6229.250350
v -2941.388000 508.603500 6229.250350
v -2966.268900 494.237300 6229.250350
v -2994.845600 491.234000 6229.250350
v -3022.171000 500.112700 6229.250350
v -3043.521100 519.338000 6229.250350
v -3055.209400 545.585800 6229.250350
v -3055.209400 574.317400 6229.250350
v -3043.521100 600.565200 6229.250350
v -3022.171000 619.790500 6229.250350
v -2994.845600 628.669200 6229.250350
v -2966.268900 625.665900 6229.250350
v -2941.388000 611.300100 6229.250350
v -2924.499500 588.055600 6229.250350
v -2918.527200 559.951600 6229.250350
v -2849.429300 559.951600 6181.284350
v -2861.377000 503.743900 6181.284350
v -2861.377000 616.159300 6181.284350
v -2895.153800 662.648200 6181.284350
v -2944.918800 691.380100 6181.284350
v -3002.066100 697.386400 6181.284350
v -3056.716900 679.629300 6181.284350
v -3099.423200 641.178700 6181.284350
v -3122.793600 588.683100 6181.284350
v -3122.793600 531.219700 6181.284350
v -3099.420200 478.724500 6181.284350
v -3056.716900 440.273900 6181.284350
v -3002.066100 422.516800 6181.284350
v -2944.918800 428.523500 6181.284350
v -2895.153800 457.255000 6181.284350
v 3341.461200 1114.716900 -5426.729550
v 3375.238000 1161.205900 -5426.729550
v 3375.238000 1161.205900 -5472.631050
v 3341.461200 1114.716900 -5472.631050
v 3291.696200 1085.985400 -5426.729550
v 3291.696200 1085.985400 -5472.631050
v 3234.548900 1079.978800 -5426.729550
v 3234.548900 1079.978800 -5472.631050
v 3179.898100 1097.735800 -5426.729550
v 3179.898100 1097.735800 -5472.631050
v 3137.194800 1136.186400 -5426.729550
v 3137.194800 1136.186400 -5472.631050
v 3113.821400 1188.681600 -5426.729550
v 3113.821400 1188.681600 -5472.631050
v 3113.821400 1246.145100 -5426.729550
v 3113.821400 1246.145100 -5472.631050
v 3137.191800 1298.640600 -5426.729550
v 3137.191800 1298.640600 -5472.631050
v 3179.898100 1337.091300 -5426.729550
v 3179.898100 1337.091300 -5472.631050
v 3234.548900 1354.847900 -5426.729550
v 3234.548900 1354.847900 -5472.631050
v 3291.696200 1348.842100 -5426.729550
v 3291.696200 1348.842100 -5472.631050
v 3341.461200 1320.109800 -5426.729550
v 3341.461200 1320.109800 -5472.631050
v 3375.238000 1273.621200 -5426.729550
v 3375.238000 1273.621200 -5472.631050
v 3387.185700 1217.413500 -5426.729550
v 3387.185700 1217.413500 -5472.631050
v 3375.238000 1161.205900 -5426.729550
v 3375.238000 1161.205900 -5472.631050
v 3248.992900 1217.413500 -5359.706850
v 3312.115500 1189.309500 -5378.763550
v 3295.227000 1166.065400 -5378.763550
v 3270.346100 1151.699300 -5378.763550
v 3241.769400 1148.696000 -5378.763550
v 3214.444000 1157.574700 -5378.763550
v 3193.093900 1176.800000 -5378.763550
v 3181.405600 1203.047800 -5378.763550
v 3181.405600 1231.779300 -5378.763550
v 3193.093900 1258.027100 -5378.763550
v 3214.444000 1277.252400 -5378.763550
v 3241.769400 1286.130700 -5378.763550
v 3270.346100 1283.127800 -5378.763550
v 3295.227000 1268.761600 -5378.763550
v 3312.115500 1245.517500 -5378.763550
v 3318.087800 1217.413500 -5378.763550
v 3387.185700 1217.413500 -5426.729550
v 3375.238000 1161.205900 -5426.729550
v 3375.238000 1273.621200 -5426.729550
v 3341.461200 1320.109800 -5426.729550
v 3291.696200 1348.842100 -5426.729550
v 3234.548900 1354.847900 -5426.729550
v 3179.898100 1337.091300 -5426.729550
v 3137.191800 1298.640600 -5426.729550
v 3113.821400 1246.145100 -5426.729550
v 3113.821400 1188.681600 -5426.729550
v 3137.194800 1136.186400 -5426.729550
v 3179.898100 1097.735800 -5426.729550
v 3234.548900 1079.978800 -5426.729550
v 3291.696200 1085.985400 -5426.729550
v 3341.461200 1114.716900 -5426.729550
v -3113.867200 1273.621200 -6071.345150
v -3113.867200 1273.621200 -6117.246650
v -3080.090300 1320.109800 -6117.246650
v -3080.090300 1320.109800 -6071.344750
v -3030.325300 1348.841700 -6117.246650
v -3030.325300 1348.842100 -6071.344750
v -2973.175100 1354.847900 -6117.246650
v -2973.175100 1354.848700 -6071.345150
v -2918.527200 1337.091300 -6117.246650
v -2918.527200 1337.091300 -6071.345150
v -2875.824000 1298.640600 -6117.246650
v -2875.824000 1298.640600 -6071.345150
v -2852.450600 1246.145100 -6117.246650
v -2852.450600 1246.145400 -6071.344750
v -2852.450600 1188.681600 -6117.246650
v -2852.450600 1188.682000 -6071.345150
v -2875.824000 1136.186400 -6117.246650
v -2875.824000 1136.186400 -6071.344750
v -2918.527200 1097.735800 -6117.246650
v -2918.527200 1097.735800 -6071.344750
v -2973.175100 1079.978400 -6117.246650
v -2973.175100 1079.978800 -6071.345150
v -3030.325300 1085.985000 -6117.246650
v -3030.325300 1085.985400 -6071.345150
v -3080.090300 1114.716900 -6117.246650
v -3080.090300 1114.716900 -6071.345150
v -3113.867200 1161.205900 -6117.246650
v -3113.867200 1161.205900 -6071.345150
v -3125.814800 1217.413500 -6117.246650
v -3125.814800 1217.413500 -6071.345150
v -3113.867200 1273.621200 -6117.246650
v -3113.867200 1273.621200 -6071.345150
v -3050.741600 1245.517500 -6165.213050
v -2987.622100 1217.413500 -6184.268950
v -3033.856200 1268.761600 -6165.213050
v -3008.972200 1283.127800 -6165.213050
v -2980.401600 1286.130700 -6165.213050
v -2953.073100 1277.252400 -6165.213050
v -2931.723000 1258.027100 -6165.213050
v -2920.034800 1231.779700 -6165.213050
v -2920.034800 1203.047800 -6165.212650
v -2931.723000 1176.800000 -6165.213050
v -2953.073100 1157.574700 -6165.213050
v -2980.401600 1148.696300 -6165.213050
v -3008.972200 1151.699600 -6165.213050
v -3033.856200 1166.065400 -6165.212650
v -3050.741600 1189.309900 -6165.213050
v -3056.716900 1217.413500 -6165.213050
v -3113.867200 1273.621200 -6117.246650
v -3125.814800 1217.413500 -6117.246650
v -3113.867200 1161.205900 -6117.246650
v -3080.090300 1114.716900 -6117.246650
v -3030.325300 1085.985000 -6117.246650
v -2973.175100 1079.978400 -6117.246650
v -2918.527200 1097.735800 -6117.246650
v -2875.824000 1136.186400 -6117.246650
v -2852.450600 1188.681600 -6117.246650
v -2852.450600 1246.145100 -6117.246650
v -2875.824000 1298.640600 -6117.246650
v -2918.527200 1337.091300 -6117.246650
v -2973.175100 1354.847900 -6117.246650
v -3030.325300 1348.841700 -6117.246650
v -3080.090300 1320.109800 -6117.246650
v 3122.747800 1273.621200 5562.198650
v 3122.747800 1273.621200 5516.295650
v 3156.524600 1320.109800 5516.295650
v 3156.524600 1320.109800 5562.198650
v 3206.289700 1348.841700 5516.295650
v 3206.289700 1348.842100 5562.198650
v 3263.436900 1354.847900 5516.295650
v 3263.436900 1354.848700 5562.198650
v 3318.087800 1337.091300 5516.295650
v 3318.087800 1337.091300 5562.198650
v 3360.791000 1298.640600 5516.295650
v 3360.791000 1298.640600 5562.198650
v 3384.164400 1246.145100 5516.295650
v 3384.164400 1246.145400 5562.198650
v 3384.164400 1188.681600 5516.295650
v 3384.164400 1188.682000 5562.198650
v 3360.791000 1136.186400 5516.295650
v 3360.791000 1136.186400 5562.198650
v 3318.087800 1097.735800 5516.295650
v 3318.087800 1097.735800 5562.198650
v 3263.436900 1079.978400 5516.295650
v 3263.436900 1079.978800 5562.198650
v 3206.289700 1085.985000 5516.295650
v 3206.289700 1085.985400 5562.198650
v 3156.524600 1114.716900 5516.295650
v 3156.524600 1114.716900 5562.198650
v 3122.747800 1161.205900 5516.295650
v 3122.747800 1161.205900 5562.198650
v 3110.800200 1217.413500 5516.295650
v 3110.800200 1217.413500 5562.198650
v 3122.747800 1273.621200 5516.295650
v 3122.747800 1273.621200 5562.198650
v 3185.870300 1245.517500 5468.331150
v 3248.992900 1217.413500 5449.274450
v 3202.758800 1268.761600 5468.331150
v 3227.639800 1283.127800 5468.331150
v 3256.213400 1286.130700 5468.331150
v 3283.538800 1277.252400 5468.331150
v 3304.892000 1258.027100 5468.331150
v 3316.577100 1231.779700 5468.331150
v 3316.577100 1203.047800 5468.331150
v 3304.892000 1176.800000 5468.331150
v 3283.538800 1157.574700 5468.331150
v 3256.213400 1148.696300 5468.331150
v 3227.639800 1151.699600 5468.331150
v 3202.758800 1166.065400 5468.331150
v 3185.870300 1189.309900 5468.331150
v 3179.895000 1217.413500 5468.331150
v 3122.747800 1273.621200 5516.295650
v 3110.800200 1217.413500 5516.295650
v 3122.747800 1161.205900 5516.295650
v 3156.524600 1114.716900 5516.295650
v 3206.289700 1085.985000 5516.295650
v 3263.436900 1079.978400 5516.295650
v 3318.087800 1097.735800 5516.295650
v 3360.791000 1136.186400 5516.295650
v 3384.164400 1188.681600 5516.295650
v 3384.164400 1246.145100 5516.295650
v 3360.791000 1298.640600 5516.295650
v 3318.087800 1337.091300 5516.295650
v 3263.436900 1354.847900 5516.295650
v 3206.289700 1348.841700 5516.295650
v 3156.524600 1320.109800 5516.295650
v 3543.844600 3164.168700 6148.378750
v 2926.846300 3164.168700 6148.378750
v 2926.846300 3611.994400 6148.378750
v 3543.844600 3611.994400 6148.378750
v 3543.844600 3611.994400 -5466.687750
v 2926.846300 3611.994400 -5466.687750
v 2926.846300 3611.994400 -6081.474350
v 3543.844600 3611.994400 -6081.474350
v 3543.844600 3611.994400 -6081.474350
v 2926.846300 3611.994400 -6081.474350
v 2926.846300 3164.168700 -6081.474350
v 3543.844600 3164.168700 -6081.474350
v 3543.844600 -3853.012600 -6081.474350
v 2926.846300 -3853.012600 -6081.474350
v 2926.846300 -3853.012600 -5466.687750
v 3543.844600 -3853.012600 -5466.687750
v 3543.844600 3164.168700 -5466.687750
v 3543.844600 3611.994400 -5466.687750
v 3543.844600 3611.994400 -6081.474350
v 3543.844600 3164.168700 -6081.474350
v 2926.846300 3164.168700 -5466.687750
v 2926.846300 3164.168700 -6081.474350
v 2926.846300 3611.994400 -6081.474350
v 2926.846300 3611.994400 -5466.687750
v 3543.844600 3611.994400 5556.867250
v 2926.846300 3611.994400 5556.867250
v 3543.844600 3164.168700 5556.867250
v 3543.844600 3611.994400 5556.867250
v 3543.844600 3164.168700 -5466.687750
v 2926.846300 3164.168700 -5466.687750
v 2926.846300 3164.168700 5556.867250
v 3543.844600 3164.168700 5556.867250
v 2926.846300 3611.994400 5556.867250
v 2926.846300 3164.168700 5556.867250
v 3543.844600 3611.994400 6148.378750
v 2926.846300 3611.994400 6148.378750
v 3543.844600 3164.168700 6148.378750
v 3543.844600 3611.994400 6148.378750
v 3543.844600 -3853.012600 5556.867250
v 2926.846300 -3853.012600 5556.867250
v 2926.846300 -3853.012600 6148.378750
v 3543.844600 -3853.012600 6148.378750
v 2926.846300 3611.994400 6148.378750
v 2926.846300 3164.168700 6148.378750
v 3543.844600 -2386.363200 -6081.474350
v 2926.846300 -2386.363200 -6081.474350
v 2926.846300 -2789.121800 -6081.474350
v 3543.844600 -2789.121800 -6081.474350
v 3543.844600 -2386.363200 -5466.687750
v 3543.844600 -2386.363200 -6081.474350
v 3543.844600 -2789.121800 -6081.474350
v 3543.844600 -2789.121800 -5466.687750
v 3543.844600 -2386.363200 6148.378750
v 3543.844600 -2386.363200 5556.867250
v 3543.844600 -2789.121800 5556.867250
v 3543.844600 -2789.121800 6148.378750
v 2926.846300 -2386.363200 6148.378750
v 3543.844600 -2386.363200 6148.378750
v 3543.844600 -2789.121800 6148.378750
v 2926.846300 -2789.121800 6148.378750
v 3543.844600 388.903200 -6081.474350
v 2926.846300 388.903200 -6081.474350
v 3543.844600 388.903200 -5466.687750
v 3543.844600 388.903200 -6081.474350
v 2926.846300 388.903200 -5466.687750
v 3543.844600 388.903200 -5466.687750
v 3543.844600 -2386.363200 -5466.687750
v 2926.846300 -2386.363200 -5466.687750
v 2926.846300 388.903200 -6081.474350
v 2926.846300 388.903200 -5466.687750
v 2926.846300 -2386.363200 -5466.687750
v 2926.846300 -2386.363200 -6081.474350
v 3543.844600 388.903200 6148.378750
v 3543.844600 388.903200 5556.867250
v 2926.846300 388.903200 6148.378750
v 3543.844600 388.903200 6148.378750
v 2926.846300 388.903200 5556.867250
v 2926.846300 388.903200 6148.378750
v 2926.846300 -2386.363200 6148.378750
v 2926.846300 -2386.363200 5556.867250
v 3543.844600 388.903200 5556.867250
v 2926.846300 388.903200 5556.867250
v 2926.846300 -2386.363200 5556.867250
v 3543.844600 -2386.363200 5556.867250
v 2926.846300 -2789.121800 -6081.474350
v 2926.846300 -2789.121800 -5466.687750
v 2926.846300 -3853.012600 -5466.687750
v 2926.846300 -3853.012600 -6081.474350
v 2926.846300 -2789.121800 -5466.687750
v 3543.844600 -2789.121800 -5466.687750
v 3543.844600 -3853.012600 -5466.687750
v 2926.846300 -3853.012600 -5466.687750
v 3543.844600 -3853.012600 -6081.474350
v 3543.844600 -3853.012600 -5466.687750
v 2926.846300 -3853.012600 -6081.474350
v 3543.844600 -3853.012600 -6081.474350
v 3543.844600 -2789.121800 5556.867250
v 2926.846300 -2789.121800 5556.867250
v 2926.846300 -3853.012600 5556.867250
v 3543.844600 -3853.012600 5556.867250
v 2926.846300 -2789.121800 5556.867250
v 2926.846300 -2789.121800 6148.378750
v 2926.846300 -3853.012600 6148.378750
v 2926.846300 -3853.012600 5556.867250
v 3543.844600 -3853.012600 6148.378750
v 2926.846300 -3853.012600 6148.378750
v 3543.844600 -3853.012600 5556.867250
v 3543.844600 -3853.012600 6148.378750
v -2646.823100 3164.168700 6148.378750
v -3263.821400 3164.168700 6148.378750
v -3263.821400 3611.994400 6148.378750
v -2646.823100 3611.994400 6148.378750
v -2646.823100 3611.994400 -5466.687750
v -3263.821400 3611.994400 -5466.687750
v -3263.821400 3611.994400 -6081.474350
v -2646.823100 3611.994400 -6081.474350
v -2646.823100 3611.994400 -6081.474350
v -3263.821400 3611.994400 -6081.474350
v -3263.821400 3164.168700 -6081.474350
v -2646.823100 3164.168700 -6081.474350
v -2646.823100 -3853.012600 -6081.474350
v -3263.821400 -3853.012600 -6081.474350
v -3263.821400 -3853.012600 -5466.687750
v -2646.823100 -3853.012600 -5466.687750
v -2646.823100 3164.168700 -5466.687750
v -2646.823100 3611.994400 -5466.687750
v -2646.823100 3611.994400 -6081.474350
v -2646.823100 3164.168700 -6081.474350
v -3263.821400 3164.168700 -5466.687750
v -3263.821400 3164.168700 -6081.474350
v -3263.821400 3611.994400 -6081.474350
v -3263.821400 3611.994400 -5466.687750
v -2646.823100 3611.994400 5556.867250
v -3263.821400 3611.994400 5556.867250
v -2646.823100 3164.168700 5556.867250
v -2646.823100 3611.994400 5556.867250
v -2646.823100 3164.168700 -5466.687750
v -3263.821400 3164.168700 -5466.687750
v -3263.821400 3164.168700 5556.867250
v -2646.823100 3164.168700 5556.867250
v -3263.821400 3611.994400 5556.867250
v -3263.821400 3164.168700 5556.867250
v -2646.823100 3611.994400 6148.378750
v -3263.821400 3611.994400 6148.378750
v -2646.823100 3164.168700 6148.378750
v -2646.823100 3611.994400 6148.378750
v -2646.823100 -3853.012600 5556.867250
v -3263.821400 -3853.012600 5556.867250
v -3263.821400 -3853.012600 6148.378750
v -2646.823100 -3853.012600 6148.378750
v -3263.821400 3611.994400 6148.378750
v -3263.821400 3164.168700 6148.378750
v -2646.823100 -2386.363200 -6081.474350
v -3263.821400 -2386.363200 -6081.474350
v -3263.821400 -2789.121800 -6081.474350
v -2646.823100 -2789.121800 -6081.474350
v -3263.821400 -2386.363200 -5466.687750
v -2646.823100 -2386.363200 -5466.687750
v -2646.823100 -2789.121800 -5466.687750
v -3263.821400 -2789.121800 -5466.687750
v -3263.821400 -2386.363200 -6081.474350
v -3263.821400 -2386.363200 -5466.687750
v -3263.821400 -2789.121800 -5466.687750
v -3263.821400 -2789.121800 -6081.474350
v -2646.823100 -2386.363200 5556.867250
v -3263.821400 -2386.363200 5556.867250
v -3263.821400 -2789.121800 5556.867250
v -2646.823100 -2789.121800 5556.867250
v -3263.821400 -2386.363200 6148.378750
v -2646.823100 -2386.363200 6148.378750
v -2646.823100 -2789.121800 6148.378750
v -3263.821400 -2789.121800 6148.378750
v -3263.821400 -2386.363200 5556.867250
v -3263.821400 -2386.363200 6148.378750
v -3263.821400 -2789.121800 6148.378750
v -3263.821400 -2789.121800 5556.867250
v -2646.823100 388.903200 -6081.474350
v -3263.821400 388.903200 -6081.474350
v -2646.823100 388.903200 -5466.687750
v -2646.823100 388.903200 -6081.474350
v -2646.823100 -2386.363200 -6081.474350
v -2646.823100 -2386.363200 -5466.687750
v -3263.821400 388.903200 -5466.687750
v -2646.823100 388.903200 -5466.687750
v -3263.821400 388.903200 -6081.474350
v -3263.821400 388.903200 -5466.687750
v -2646.823100 388.903200 6148.378750
v -2646.823100 388.903200 5556.867250
v -2646.823100 -2386.363200 5556.867250
v -2646.823100 -2386.363200 6148.378750
v -3263.821400 388.903200 6148.378750
v -2646.823100 388.903200 6148.378750
v -3263.821400 388.903200 5556.867250
v -3263.821400 388.903200 6148.378750
v -2646.823100 388.903200 5556.867250
v -3263.821400 388.903200 5556.867250
v -3263.821400 -3853.012600 -5466.687750
v -3263.821400 -3853.012600 -6081.474350
v -2646.823100 -3853.012600 -5466.687750
v -3263.821400 -3853.012600 -5466.687750
v -2646.823100 -2789.121800 -5466.687750
v -2646.823100 -2789.121800 -6081.474350
v -2646.823100 -3853.012600 -6081.474350
v -2646.823100 -3853.012600 -5466.687750
v -3263.821400 -3853.012600 -6081.474350
v -2646.823100 -3853.012600 -6081.474350
v -3263.821400 -3853.012600 5556.867250
v -2646.823100 -3853.012600 5556.867250
v -3263.821400 -3853.012600 6148.378750
v -3263.821400 -3853.012600 5556.867250
v -2646.823100 -3853.012600 6148.378750
v -3263.821400 -3853.012600 6148.378750
v -2646.823100 -2789.121800 6148.378750
v -2646.823100 -2789.121800 5556.867250
v -2646.823100 -3853.012600 5556.867250
v -2646.823100 -3853.012600 6148.378750
v -2642.150900 -2418.658200 -5515.984350
v -2642.150900 -2418.658200 -6032.177750
v 2922.174100 -2418.658200 -6032.177750
v 2922.174100 -2418.658200 -5515.984350
v -2642.150900 -2418.658200 -6032.177750
v -2642.150900 -2756.827000 -6032.177750
v 2922.174100 -2756.827000 -6032.177750
v 2922.174100 -2418.658200 -6032.177750
v -2642.150900 -2756.827000 -6032.177750
v -2642.150900 -2756.827000 -5515.984350
v 2922.174100 -2756.827000 -5515.984350
v 2922.174100 -2756.827000 -6032.177750
v -2642.150900 -2756.827000 -5515.984350
v -2642.150900 -2418.658200 -5515.984350
v 2922.174100 -2418.658200 -5515.984350
v 2922.174100 -2756.827000 -5515.984350
v -2641.586300 -2436.935800 6074.105050
v -2641.586300 -2436.935800 5631.140950
v 2921.609500 -2436.935800 5631.140950
v 2921.609500 -2436.935800 6074.105050
v -2641.586300 -2436.935800 5631.140950
v -2641.586300 -2738.549200 5631.140950
v 2921.609500 -2738.549200 5631.140950
v 2921.609500 -2436.935800 5631.140950
v -2641.586300 -2738.549200 5631.140950
v -2641.586300 -2738.549200 6074.105050
v 2921.609500 -2738.549200 6074.105050
v 2921.609500 -2738.549200 5631.140950
v -2641.586300 -2738.549200 6074.105050
v -2641.586300 -2436.935800 6074.105050
v 2921.609500 -2436.935800 6074.105050
v 2921.609500 -2738.549200 6074.105050
v 2926.846300 -2386.363200 -5466.687750
v 3543.844600 -2386.363200 -5466.687750
v 3543.844600 -2386.363200 5556.867250
v 2926.846300 -2386.363200 5556.867250
v 3543.844600 -2789.121800 -5466.687750
v 2926.846300 -2789.121800 -5466.687750
v 2926.846300 -2789.121800 5556.867250
v 3543.844600 -2789.121800 5556.867250
v 3543.844600 748.155800 -6081.474350
v 2926.846300 748.155800 -6081.474350
v 3543.844600 748.155800 -5466.687750
v 3543.844600 748.155800 -6081.474350
v 2926.846300 748.155800 -5466.687750
v 3543.844600 748.155800 -5466.687750
v 3543.844600 748.155800 6148.378750
v 3543.844600 748.155800 5556.867250
v 2926.846300 748.155800 6148.378750
v 3543.844600 748.155800 6148.378750
v 3543.844600 748.155800 5556.867250
v 2926.846300 748.155800 5556.867250
v -2646.823100 748.155800 -6081.474350
v -3263.821400 748.155800 -6081.474350
v -3263.821400 748.155800 -5466.687750
v -2646.823100 748.155800 -5466.687750
v -3263.821400 748.155800 -6081.474350
v -3263.821400 748.155800 -5466.687750
v -3263.821400 748.155800 6148.378750
v -2646.823100 748.155800 6148.378750
v -3263.821400 748.155800 5556.867250
v -3263.821400 748.155800 6148.378750
v -2646.823100 748.155800 5556.867250
v -3263.821400 748.155800 5556.867250
v 2926.846300 3164.168700 -5466.687750
v 3543.844600 3164.168700 -5466.687750
v 2926.846300 748.155800 -5466.687750
v 2926.846300 748.155800 -6081.474350
v 2926.846300 748.155800 6148.378750
v 2926.846300 748.155800 5556.867250
v 3543.844600 3164.168700 5556.867250
v 2926.846300 3164.168700 5556.867250
v -2646.823100 748.155800 -6081.474350
v -2646.823100 748.155800 -5466.687750
v -3263.821400 3164.168700 -5466.687750
v -2646.823100 3164.168700 -5466.687750
v -2646.823100 748.155800 5556.867250
v -2646.823100 748.155800 6148.378750
v -2646.823100 3164.168700 5556.867250
v -3263.821400 3164.168700 5556.867250
v 2919.149800 719.071400 -5516.459650
v -2639.126600 719.071400 -5516.459650
v -2639.126600 719.071400 -6031.702450
v 2919.149800 719.071400 -6031.702450
v 2919.149800 719.071400 -6031.702450
v -2639.126600 719.071400 -6031.702450
v -2639.126600 417.987600 -6031.702450
v 2919.149800 417.987600 -6031.702450
v 2919.149800 417.987600 -6031.702450
v -2639.126600 417.987600 -6031.702450
v -2639.126600 417.987600 -5516.459650
v 2919.149800 417.987600 -5516.459650
v 2919.149800 417.987600 -5516.459650
v -2639.126600 417.987600 -5516.459650
v -2639.126600 719.071400 -5516.459650
v 2919.149800 719.071400 -5516.459650
v 2923.156700 701.447900 6071.474450
v -2643.133600 701.447900 6071.474450
v -2643.133600 701.447900 5633.771550
v 2923.156700 701.447900 5633.771550
v 2923.156700 701.447900 5633.771550
v -2643.133600 701.447900 5633.771550
v -2643.133600 435.611200 5633.771550
v 2923.156700 435.611200 5633.771550
v 2923.156700 435.611200 5633.771550
v -2643.133600 435.611200 5633.771550
v -2643.133600 435.611200 6071.474450
v 2923.156700 435.611200 6071.474450
v 2923.156700 435.611200 6071.474450
v -2643.133600 435.611200 6071.474450
v -2643.133600 701.447900 6071.474450
v 2923.156700 701.447900 6071.474450
v -2642.150900 -2418.658200 -5515.984350
v -2642.150900 -2756.827000 -5515.984350
v -2642.150900 -2756.827000 -6032.177750
v -2642.150900 -2418.658200 -6032.177750
v -2641.586300 -2436.935800 6074.105050
v -2641.586300 -2738.549200 6074.105050
v -2641.586300 -2738.549200 5631.140950
v -2641.586300 -2436.935800 5631.140950
v -2639.126600 719.071400 -5516.459650
v -2639.126600 417.987600 -5516.459650
v -2639.126600 417.987600 -6031.702450
v -2639.126600 719.071400 -6031.702450
v -2643.133600 701.447900 6071.474450
v -2643.133600 435.611200 6071.474450
v -2643.133600 435.611200 5633.771550
v -2643.133600 701.447900 5633.771550
v 2922.174100 -2418.658200 -5515.984350
v 2922.174100 -2418.658200 -6032.177750
v 2922.174100 -2756.827000 -6032.177750
v 2922.174100 -2756.827000 -5515.984350
v 2921.609500 -2436.935800 6074.105050
v 2921.609500 -2436.935800 5631.140950
v 2921.609500 -2738.549200 5631.140950
v 2921.609500 -2738.549200 6074.105050
v 2919.149800 719.071400 -5516.459650
v 2919.149800 719.071400 -6031.702450
v 2919.149800 417.987600 -6031.702450
v 2919.149800 417.987600 -5516.459650
v 2923.156700 701.447900 6071.474450
v 2923.156700 701.447900 5633.771550
v 2923.156700 435.611200 5633.771550
v 2923.156700 435.611200 6071.474450
v -2895.153800 457.255000 -5426.729550
v -2861.377000 503.743900 -5426.729550
v -2861.377000 503.743900 -5472.631050
v -2895.153800 457.255000 -5472.631050
v -2944.918800 428.523500 -5426.729550
v -2944.918800 428.523500 -5472.631050
v -3002.066100 422.516800 -5426.729550
v -3002.066100 422.516800 -5472.631050
v -3056.716900 440.273900 -5426.729550
v -3056.716900 440.273900 -5472.631050
v -3099.420200 478.724500 -5426.729550
v -3099.420200 478.724500 -5472.631050
v -3122.793600 531.219700 -5426.729550
v -3122.793600 531.219700 -5472.631050
v -3122.793600 588.683100 -5426.729550
v -3122.793600 588.683100 -5472.631050
v -3099.423200 641.178700 -5426.729550
v -3099.423200 641.178700 -5472.631050
v -3056.716900 679.629300 -5426.729550
v -3056.716900 679.629300 -5472.631050
v -3002.066100 697.386400 -5426.729550
v -3002.066100 697.386400 -5472.631050
v -2944.918800 691.380100 -5426.729550
v -2944.918800 691.380100 -5472.631050
v -2895.153800 662.648200 -5426.729550
v -2895.153800 662.648200 -5472.631050
v -2861.377000 616.159300 -5426.729550
v -2861.377000 616.159300 -5472.631050
v -2849.429300 559.951600 -5426.729550
v -2849.429300 559.951600 -5472.631050
v -2861.377000 503.743900 -5426.729550
v -2861.377000 503.743900 -5472.631050
v -2987.622100 559.951600 -5359.706850
v -2924.499500 531.847600 -5378.763550
v -2941.388000 508.603500 -5378.763550
v -2966.268900 494.237300 -5378.763550
v -2994.845600 491.234000 -5378.763550
v -3022.171000 500.112700 -5378.763550
v -3043.521100 519.338000 -5378.763550
v -3055.209400 545.585800 -5378.763550
v -3055.209400 574.317400 -5378.763550
v -3043.521100 600.565200 -5378.763550
v -3022.171000 619.790500 -5378.763550
v -2994.845600 628.669200 -5378.763550
v -2966.268900 625.665900 -5378.763550
v -2941.388000 611.300100 -5378.763550
v -2924.499500 588.055600 -5378.763550
v -2918.527200 559.951600 -5378.763550
v -2849.429300 559.951600 -5426.729550
v -2861.377000 503.743900 -5426.729550
v -2861.377000 616.159300 -5426.729550
v -2895.153800 662.648200 -5426.729550
v -2944.918800 691.380100 -5426.729550
v -3002.066100 697.386400 -5426.729550
v -3056.716900 679.629300 -5426.729550
v -3099.423200 641.178700 -5426.729550
v -3122.793600 588.683100 -5426.729550
v -3122.793600 531.219700 -5426.729550
v -3099.420200 478.724500 -5426.729550
v -3056.716900 440.273900 -5426.729550
v -3002.066100 422.516800 -5426.729550
v -2944.918800 428.523500 -5426.729550
v -2895.153800 457.255000 -5426.729550
# 1600 vertices

vn 0.000000 -1.000000 0.000000
vn 0.000000 0.923875 0.382656
vn -0.002688 0.999969 0.001406
vn 0.002688 0.999969 0.001406
vn 0.000000 0.023500 0.999719
vn 0.000000 0.382906 0.923750
vn 0.000000 0.000000 1.000000
vn -0.002688 0.999969 -0.001406
vn 0.002688 0.999969 -0.001406
vn 0.000000 0.023500 -0.999719
vn 0.000000 0.000000 -1.000000
vn 1.000000 0.000000 0.000000
vn 0.999719 0.023500 0.000000
vn -1.000000 0.000000 0.000000
vn -0.999719 0.023500 0.000000
vn 0.382688 0.923844 0.000000
vn 0.923813 0.382781 0.000000
vn -0.923875 0.382625 0.000000
vn -0.382625 0.923875 0.000000
vn 0.000000 0.382656 -0.923875
vn 0.000000 0.923875 -0.382656
vn -0.913531 0.406719 0.000000
vn -0.669125 0.743125 0.000000
vn -0.309000 0.951031 0.000000
vn 0.104531 0.994500 0.000000
vn 0.500000 0.866000 0.000000
vn 0.809000 0.587781 0.000000
vn 0.978125 0.207937 0.000000
vn 0.978125 -0.207906 0.000000
vn 0.809000 -0.587750 0.000000
vn 0.500000 -0.866000 0.000000
vn 0.104500 -0.994500 0.000000
vn -0.309000 -0.951031 0.000000
vn -0.669125 -0.743125 0.000000
vn -0.913531 -0.406719 0.000000
vn -0.474219 0.211125 -0.854688
vn -0.347344 0.385781 -0.854688
vn -0.160406 0.493688 -0.854688
vn 0.054250 0.516250 -0.854688
vn 0.259531 0.449562 -0.854688
vn 0.419969 0.305125 -0.854688
vn 0.507750 0.107906 -0.854688
vn 0.507750 -0.107906 -0.854688
vn 0.419969 -0.305125 -0.854688
vn 0.259531 -0.449562 -0.854688
vn 0.054250 -0.516250 -0.854688
vn -0.160406 -0.493688 -0.854688
vn -0.347344 -0.385781 -0.854688
vn -0.474219 -0.211125 -0.854688
vn -0.519094 0.000000 -0.854688
vn -0.520938 0.231937 -0.821469
vn -0.570219 0.000000 -0.821469
vn -0.520938 -0.231937 -0.821469
vn -0.381563 -0.423781 -0.821437
vn -0.176219 -0.542313 -0.821469
vn 0.059594 -0.567094 -0.821469
vn 0.285125 -0.493844 -0.821437
vn 0.461344 -0.335156 -0.821437
vn 0.557781 -0.118531 -0.821437
vn 0.557781 0.118531 -0.821437
vn 0.461344 0.335156 -0.821437
vn 0.285094 0.493844 -0.821437
vn 0.059594 0.567094 -0.821469
vn -0.176219 0.542313 -0.821437
vn -0.381563 0.423781 -0.821437
vn 0.669094 -0.743125 0.000000
vn 0.913531 -0.406719 0.000000
vn 0.309000 -0.951031 0.000000
vn -0.104500 -0.994500 0.000000
vn -0.499969 -0.866000 0.000000
vn -0.809000 -0.587750 0.000000
vn -0.978125 -0.207906 0.000000
vn -0.978125 0.207875 0.000000
vn -0.809000 0.587750 0.000000
vn -0.499969 0.866031 0.000000
vn -0.104500 0.994500 0.000000
vn 0.309000 0.951031 0.000000
vn 0.669094 0.743125 0.000000
vn 0.913531 0.406719 0.000000
vn 0.474219 -0.211125 0.854688
vn 0.347344 -0.385750 0.854688
vn 0.160406 -0.493688 0.854688
vn -0.054250 -0.516250 0.854688
vn -0.259562 -0.449562 0.854688
vn -0.419969 -0.305125 0.854688
vn -0.507750 -0.107906 0.854688
vn -0.507750 0.107906 0.854688
vn -0.419937 0.305125 0.854688
vn -0.259531 0.449562 0.854688
vn -0.054250 0.516250 0.854688
vn 0.160406 0.493688 0.854688
vn 0.347344 0.385750 0.854688
vn 0.474219 0.211125 0.854688
vn 0.519094 0.000000 0.854688
vn 0.570250 0.000000 0.821469
vn 0.520938 -0.231937 0.821437
vn 0.520938 0.231937 0.821469
vn 0.381563 0.423781 0.821437
vn 0.176219 0.542344 0.821437
vn -0.059594 0.567125 0.821437
vn -0.285125 0.493844 0.821437
vn -0.461344 0.335156 0.821469
vn -0.557781 0.118531 0.821437
vn -0.557781 -0.118531 0.821437
vn -0.461344 -0.335187 0.821437
vn -0.285125 -0.493844 0.821437
vn -0.059594 -0.567125 0.821437
vn 0.176219 -0.542344 0.821437
vn 0.381563 -0.423781 0.821437
vn 0.669125 -0.743125 0.000000
vn -0.104531 -0.994500 0.000000
vn -0.809000 -0.587781 0.000000
vn -0.809000 0.587781 0.000000
vn -0.104531 0.994500 0.000000
vn 0.669125 0.743125 0.000000
vn 0.347344 -0.385781 0.854688
vn -0.259562 0.449562 0.854688
vn 0.347344 0.385781 0.854688
vn 0.570219 0.000000 0.821469
vn 0.520938 -0.231937 0.821469
vn -0.461344 0.335187 0.821437
vn -0.669094 0.743125 0.000000
vn 0.104500 0.994500 0.000000
vn 0.978125 0.207875 0.000000
vn 0.978125 0.207906 0.000000
vn 0.809000 -0.587781 0.000000
vn -0.669094 -0.743125 0.000000
vn -0.474219 0.211094 -0.854688
vn -0.160375 0.493688 -0.854688
vn 0.419937 0.305125 -0.854688
vn -0.347344 -0.385750 -0.854688
vn -0.520938 0.231906 -0.821469
vn -0.520938 -0.231906 -0.821469
vn -0.381563 -0.423781 -0.821469
vn -0.176219 -0.542313 -0.821437
vn 0.285094 -0.493844 -0.821469
vn 0.461344 -0.335187 -0.821437
vn 0.557781 -0.118531 -0.821469
vn 0.557781 0.118531 -0.821469
vn 0.461313 0.335187 -0.821437
vn 0.285094 0.493844 -0.821469
vn -0.176188 0.542344 -0.821469
vn -0.381563 0.423781 -0.821469
vn 0.669125 0.000000 -0.743125
vn 0.913531 0.000000 -0.406719
vn 0.309000 0.000000 -0.951031
vn -0.104500 0.000000 -0.994500
vn -0.500000 0.000000 -0.866000
vn -0.809000 0.000000 -0.587781
vn -0.978125 0.000000 -0.207906
vn -0.978125 0.000000 0.207906
vn -0.809000 0.000000 0.587781
vn -0.500000 0.000000 0.866000
vn -0.104500 0.000000 0.994500
vn 0.309000 0.000000 0.951031
vn 0.669125 0.000000 0.743125
vn 0.913531 0.000000 0.406719
vn -0.104531 0.000000 -0.994500
vn -0.104531 0.000000 0.994500
vn -0.669094 0.743156 0.000000
vn 0.499969 0.866000 0.000000
vn 0.499969 -0.866000 0.000000
vn 0.104531 -0.994500 0.000000
vn 0.419937 -0.305125 -0.854688
vn -0.474219 -0.211156 -0.854688
vn -0.570250 0.000000 -0.821437
vn -0.520938 -0.231937 -0.821437
vn 0.461313 -0.335187 -0.821437
vn 0.285125 0.493844 -0.821437
vn -0.176219 0.542344 -0.821437
vn -0.520938 0.231937 -0.821437
vn -0.347344 0.385750 -0.854688
vn 0.054250 0.516219 -0.854719
vn 0.259531 0.449531 -0.854688
vn 0.507719 0.107906 -0.854688
vn 0.259531 -0.449531 -0.854688
vn 0.054250 -0.516219 -0.854719
vn -0.474187 -0.211125 -0.854688
vn -0.381563 -0.423750 -0.821469
vn 0.461313 -0.335187 -0.821469
vn 0.557750 -0.118531 -0.821469
vn 0.557750 0.118531 -0.821469
vn 0.461313 0.335187 -0.821469
vn -0.176219 0.542313 -0.821469
vn -0.381563 0.423750 -0.821437
vn -0.461344 0.335156 0.821437
vn -0.500000 -0.866000 0.000000
vn -0.978125 -0.207937 0.000000
vn -0.978125 0.207906 0.000000
vn -0.499969 0.866000 0.000000
vn 0.570250 0.000000 0.821437
vn -0.474187 -0.211125 -0.854719
vn -0.519063 0.000000 -0.854719
vn 0.474187 -0.211125 0.854688
vn -0.419937 -0.305125 0.854688
vn 0.461344 0.335187 -0.821437
vn -0.176188 0.542313 -0.821469
vn -0.381563 0.423750 -0.821469
vn 0.000000 1.000000 0.000000
vn -0.999969 -0.000844 -0.000969
vn -0.999969 -0.000844 0.000969
vn -1.000000 0.000156 0.000156
vn -1.000000 0.000562 -0.000625
vn -1.000000 -0.000375 -0.000438
vn -1.000000 -0.000375 0.000438
vn -1.000000 0.000594 0.000656
vn -1.000000 0.000156 -0.000156
vn -0.999969 -0.001438 -0.001625
vn -1.000000 -0.000188 0.000188
vn -1.000000 -0.000188 -0.000219
vn -0.999969 -0.001563 0.001719
vn 0.999969 -0.000844 0.000969
vn 0.999969 -0.000844 -0.000969
vn 1.000000 0.000562 -0.000625
vn 1.000000 0.000562 0.000625
vn 1.000000 -0.000375 0.000438
vn 1.000000 -0.000375 -0.000438
vn 1.000000 0.000594 -0.000656
vn 1.000000 0.000594 0.000656
vn 0.999969 -0.001438 0.001625
vn 0.999969 -0.001438 -0.001625
vn 0.999969 -0.001563 0.001719
vn 0.999969 -0.001563 -0.001719
vn -0.999969 0.001000 0.001125
vn -0.999969 0.001000 -0.001125
vn -1.000000 0.000438 0.000500
vn -1.000000 0.000438 -0.000500
vn 0.999969 0.001000 -0.001125
vn 0.999969 0.001000 0.001125
vn 1.000000 0.000438 -0.000500
vn 1.000000 0.000438 0.000500
vn 0.995969 0.078281 0.043094
vn 0.995969 -0.078281 0.043094
vn 0.995969 -0.078281 -0.043094
vn 0.995969 0.078281 -0.043094
vn 0.997906 0.055750 0.032375
vn 0.997906 -0.055750 0.032375
vn 0.997906 -0.055750 -0.032375
vn 0.997906 0.055750 -0.032375
vn 0.987125 0.144625 0.068125
vn 0.987125 -0.144625 0.068125
vn 0.987125 -0.144625 -0.068125
vn 0.987125 0.144625 -0.068125
vn 0.998812 0.043437 0.021500
vn 0.998812 -0.043437 0.021500
vn 0.998812 -0.043437 -0.021500
vn 0.998812 0.043437 -0.021500
vn -0.996000 0.078219 0.043094
vn -0.996000 0.078219 -0.043094
vn -0.996000 -0.078219 -0.043094
vn -0.996000 -0.078219 0.043094
vn -0.997906 0.055781 0.032375
vn -0.997906 0.055781 -0.032375
vn -0.997906 -0.055781 -0.032375
vn -0.997906 -0.055781 0.032375
vn -0.987125 0.144531 0.068125
vn -0.987125 0.144531 -0.068125
vn -0.987125 -0.144531 -0.068125
vn -0.987125 -0.144531 0.068125
vn -0.998812 0.043469 0.021500
vn -0.998812 0.043469 -0.021500
vn -0.998812 -0.043469 -0.021500
vn -0.998812 -0.043469 0.021500
# 263 normals

vt 0.897749 0.231452 0.000000
vt 0.784403 0.231452 0.000000
vt 0.784403 0.005321 0.000000
vt 0.897749 0.005321 0.000000
vt 0.588329 0.313415 0.000000
vt 0.589732 0.315133 0.000000
vt 0.903566 0.315133 0.000000
vt 0.904970 0.313415 0.000000
vt 0.585064 0.312344 0.000000
vt 0.906388 0.312344 0.000000
vt 0.905550 0.292410 0.000000
vt 0.585126 0.292410 0.000000
vt 0.589732 0.955698 0.000000
vt 0.903566 0.955698 0.000000
vt 0.906388 0.960806 0.000000
vt 0.587116 0.960806 0.000000
vt 0.587748 0.983601 0.000000
vt 0.905550 0.983601 0.000000
vt 0.935950 0.961026 0.000000
vt 0.935950 0.312992 0.000000
vt 0.558606 0.312242 0.000000
vt 0.558606 0.961026 0.000000
vt 0.904970 0.959157 0.000000
vt 0.588329 0.959157 0.000000
vt 0.294669 0.121887 0.000000
vt 0.294669 0.117313 0.000000
vt 0.295908 0.117313 0.000000
vt 0.295908 0.121887 0.000000
vt 0.297146 0.117313 0.000000
vt 0.297146 0.121887 0.000000
vt 0.298385 0.117313 0.000000
vt 0.298385 0.121887 0.000000
vt 0.299624 0.117313 0.000000
vt 0.299624 0.121887 0.000000
vt 0.300863 0.117313 0.000000
vt 0.300863 0.121887 0.000000
vt 0.302102 0.117313 0.000000
vt 0.302102 0.121887 0.000000
vt 0.303341 0.117313 0.000000
vt 0.303341 0.121887 0.000000
vt 0.304579 0.117313 0.000000
vt 0.304579 0.121887 0.000000
vt 0.305818 0.117313 0.000000
vt 0.305818 0.121887 0.000000
vt 0.307057 0.117313 0.000000
vt 0.307057 0.121887 0.000000
vt 0.308296 0.117313 0.000000
vt 0.308296 0.121887 0.000000
vt 0.309534 0.117313 0.000000
vt 0.309534 0.121887 0.000000
vt 0.310773 0.117313 0.000000
vt 0.310773 0.121887 0.000000
vt 0.312012 0.117313 0.000000
vt 0.312012 0.121887 0.000000
vt 0.313251 0.117313 0.000000
vt 0.313251 0.121887 0.000000
vt 0.307219 0.105811 0.000000
vt 0.304042 0.107086 0.000000
vt 0.306369 0.104641 0.000000
vt 0.305117 0.103918 0.000000
vt 0.303678 0.103767 0.000000
vt 0.302303 0.104214 0.000000
vt 0.301228 0.105181 0.000000
vt 0.300640 0.106502 0.000000
vt 0.300640 0.107949 0.000000
vt 0.301228 0.109270 0.000000
vt 0.302303 0.110238 0.000000
vt 0.303678 0.110684 0.000000
vt 0.305117 0.110533 0.000000
vt 0.306369 0.109810 0.000000
vt 0.307219 0.108640 0.000000
vt 0.307520 0.107226 0.000000
vt 0.310397 0.104535 0.000000
vt 0.310998 0.107365 0.000000
vt 0.310397 0.110194 0.000000
vt 0.308696 0.112534 0.000000
vt 0.306191 0.113980 0.000000
vt 0.303315 0.114283 0.000000
vt 0.300564 0.113389 0.000000
vt 0.298414 0.111453 0.000000
vt 0.297238 0.108811 0.000000
vt 0.297238 0.105918 0.000000
vt 0.298414 0.103276 0.000000
vt 0.300564 0.101341 0.000000
vt 0.303315 0.100447 0.000000
vt 0.306191 0.100749 0.000000
vt 0.308696 0.102195 0.000000
vt 0.303678 0.110685 0.000000
vt 0.297147 0.117313 0.000000
vt 0.297147 0.121887 0.000000
vt 0.303340 0.117313 0.000000
vt 0.303340 0.121887 0.000000
vt 0.310396 0.104535 0.000000
vt 0.310396 0.110194 0.000000
vt 0.297238 0.105919 0.000000
vt 0.305762 0.136670 0.000000
vt 0.300194 0.136670 0.000000
vt 0.300194 0.157453 0.000000
vt 0.305762 0.157453 0.000000
vt 0.311330 0.136670 0.000000
vt 0.311330 0.157453 0.000000
vt 0.316897 0.136670 0.000000
vt 0.316897 0.157453 0.000000
vt 0.322465 0.136670 0.000000
vt 0.322465 0.157453 0.000000
vt 0.328032 0.136670 0.000000
vt 0.328032 0.157453 0.000000
vt 0.333600 0.136670 0.000000
vt 0.333600 0.157453 0.000000
vt 0.339168 0.136670 0.000000
vt 0.339168 0.157453 0.000000
vt 0.344735 0.136670 0.000000
vt 0.344735 0.157453 0.000000
vt 0.350303 0.136670 0.000000
vt 0.350303 0.157453 0.000000
vt 0.355871 0.136670 0.000000
vt 0.355871 0.157453 0.000000
vt 0.361438 0.136670 0.000000
vt 0.361438 0.157453 0.000000
vt 0.367006 0.136670 0.000000
vt 0.367006 0.157453 0.000000
vt 0.372573 0.136670 0.000000
vt 0.372573 0.157453 0.000000
vt 0.378141 0.136670 0.000000
vt 0.378141 0.157453 0.000000
vt 0.383709 0.136670 0.000000
vt 0.383709 0.157453 0.000000
vt 0.343887 0.114370 0.000000
vt 0.360440 0.107725 0.000000
vt 0.356012 0.101629 0.000000
vt 0.349486 0.097862 0.000000
vt 0.341992 0.097074 0.000000
vt 0.334826 0.099402 0.000000
vt 0.329227 0.104444 0.000000
vt 0.326162 0.111328 0.000000
vt 0.326162 0.118863 0.000000
vt 0.329227 0.125746 0.000000
vt 0.334826 0.130788 0.000000
vt 0.341992 0.133116 0.000000
vt 0.349486 0.132329 0.000000
vt 0.356012 0.128561 0.000000
vt 0.360440 0.122465 0.000000
vt 0.362007 0.115095 0.000000
vt 0.356011 0.101629 0.000000
vt 0.356011 0.128561 0.000000
vt 0.360440 0.122466 0.000000
vt 0.308295 0.117313 0.000000
vt 0.308295 0.121887 0.000000
vt 0.305116 0.110533 0.000000
vt 0.539038 0.306952 0.000000
vt 0.515187 0.306952 0.000000
vt 0.515187 0.324264 0.000000
vt 0.539038 0.324264 0.000000
vt 0.066180 0.348115 0.000000
vt 0.066180 0.324264 0.000000
vt 0.042414 0.324264 0.000000
vt 0.042414 0.348115 0.000000
vt 0.018563 0.324264 0.000000
vt 0.042414 0.306952 0.000000
vt 0.018563 0.306952 0.000000
vt 0.042415 0.011836 0.000000
vt 0.042415 0.035688 0.000000
vt 0.066180 0.035688 0.000000
vt 0.066180 0.011836 0.000000
vt 0.457764 0.933918 0.000000
vt 0.457764 0.950613 0.000000
vt 0.480682 0.950613 0.000000
vt 0.480682 0.933918 0.000000
vt 0.066181 0.306952 0.000000
vt 0.492321 0.348115 0.000000
vt 0.492320 0.324264 0.000000
vt 0.046828 0.933918 0.000000
vt 0.046828 0.950613 0.000000
vt 0.457764 0.910918 0.000000
vt 0.046828 0.910918 0.000000
vt 0.492320 0.306952 0.000000
vt 0.515187 0.348115 0.000000
vt 0.024777 0.933918 0.000000
vt 0.024777 0.950613 0.000000
vt 0.492319 0.011837 0.000000
vt 0.492320 0.035688 0.000000
vt 0.515187 0.035687 0.000000
vt 0.515185 0.011836 0.000000
vt 0.018563 0.092384 0.000000
vt 0.042415 0.092384 0.000000
vt 0.042415 0.076815 0.000000
vt 0.018563 0.076815 0.000000
vt 0.457764 0.727005 0.000000
vt 0.480682 0.727005 0.000000
vt 0.480682 0.711992 0.000000
vt 0.457764 0.711992 0.000000
vt 0.024777 0.727005 0.000000
vt 0.046828 0.727005 0.000000
vt 0.046828 0.711992 0.000000
vt 0.024777 0.711992 0.000000
vt 0.515187 0.092384 0.000000
vt 0.539038 0.092384 0.000000
vt 0.539038 0.076815 0.000000
vt 0.515187 0.076815 0.000000
vt 0.018563 0.199668 0.000000
vt 0.042415 0.199668 0.000000
vt 0.457764 0.830462 0.000000
vt 0.480682 0.830462 0.000000
vt 0.066180 0.199668 0.000000
vt 0.090032 0.199668 0.000000
vt 0.090031 0.092384 0.000000
vt 0.066180 0.092384 0.000000
vt 0.024777 0.830462 0.000000
vt 0.046828 0.830462 0.000000
vt 0.515187 0.199668 0.000000
vt 0.539038 0.199668 0.000000
vt 0.492320 0.199668 0.000000
vt 0.492320 0.092384 0.000000
vt 0.468469 0.199668 0.000000
vt 0.468469 0.092384 0.000000
vt 0.066180 0.076815 0.000000
vt 0.434764 0.711992 0.000000
vt 0.457764 0.672332 0.000000
vt 0.434764 0.672332 0.000000
vt 0.480682 0.672332 0.000000
vt 0.018563 0.035688 0.000000
vt 0.069828 0.711992 0.000000
vt 0.069828 0.672332 0.000000
vt 0.046828 0.672332 0.000000
vt 0.492320 0.076815 0.000000
vt 0.539038 0.035688 0.000000
vt 0.024777 0.672332 0.000000
vt 0.492579 0.623590 0.000000
vt 0.470778 0.623590 0.000000
vt 0.470778 0.639414 0.000000
vt 0.492579 0.639414 0.000000
vt 0.060367 0.661215 0.000000
vt 0.060367 0.639413 0.000000
vt 0.038644 0.639413 0.000000
vt 0.038644 0.661215 0.000000
vt 0.016843 0.639414 0.000000
vt 0.038645 0.623590 0.000000
vt 0.016843 0.623590 0.000000
vt 0.038643 0.353842 0.000000
vt 0.038645 0.375643 0.000000
vt 0.060368 0.375642 0.000000
vt 0.060367 0.353841 0.000000
vt 0.959358 0.259799 0.000000
vt 0.959358 0.275624 0.000000
vt 0.981083 0.275624 0.000000
vt 0.981083 0.259799 0.000000
vt 0.060368 0.623590 0.000000
vt 0.449878 0.661215 0.000000
vt 0.449878 0.639413 0.000000
vt 0.569823 0.259799 0.000000
vt 0.569823 0.275624 0.000000
vt 0.959358 0.237997 0.000000
vt 0.569823 0.237997 0.000000
vt 0.449877 0.623590 0.000000
vt 0.470778 0.661215 0.000000
vt 0.548921 0.259799 0.000000
vt 0.548921 0.275624 0.000000
vt 0.449877 0.353841 0.000000
vt 0.449877 0.375642 0.000000
vt 0.470778 0.375642 0.000000
vt 0.470778 0.353841 0.000000
vt 0.016843 0.427465 0.000000
vt 0.038645 0.427465 0.000000
vt 0.038645 0.413234 0.000000
vt 0.016843 0.413234 0.000000
vt 0.060368 0.427466 0.000000
vt 0.082169 0.427465 0.000000
vt 0.082169 0.413234 0.000000
vt 0.060368 0.413234 0.000000
vt 0.428076 0.427465 0.000000
vt 0.449877 0.427466 0.000000
vt 0.449877 0.413234 0.000000
vt 0.428076 0.413234 0.000000
vt 0.470778 0.427465 0.000000
vt 0.492579 0.427465 0.000000
vt 0.492579 0.413234 0.000000
vt 0.470778 0.413234 0.000000
vt 0.016843 0.525528 0.000000
vt 0.038645 0.525528 0.000000
vt 0.959358 0.161731 0.000000
vt 0.981083 0.161731 0.000000
vt 0.981083 0.063662 0.000000
vt 0.959358 0.063662 0.000000
vt 0.060368 0.525528 0.000000
vt 0.082169 0.525528 0.000000
vt 0.548921 0.161731 0.000000
vt 0.569823 0.161731 0.000000
vt 0.569823 0.063662 0.000000
vt 0.548921 0.063662 0.000000
vt 0.470778 0.525528 0.000000
vt 0.492579 0.525528 0.000000
vt 0.449877 0.525528 0.000000
vt 0.428076 0.525528 0.000000
vt 0.082169 0.375642 0.000000
vt 0.959358 0.049430 0.000000
vt 0.981083 0.049430 0.000000
vt 0.981083 0.011836 0.000000
vt 0.959358 0.011836 0.000000
vt 0.016843 0.375642 0.000000
vt 0.428076 0.375642 0.000000
vt 0.492579 0.375642 0.000000
vt 0.548921 0.049430 0.000000
vt 0.569823 0.049430 0.000000
vt 0.569823 0.011836 0.000000
vt 0.548921 0.011836 0.000000
vt 0.574454 0.011836 0.000000
vt 0.574454 0.030075 0.000000
vt 0.771065 0.030075 0.000000
vt 0.771065 0.011836 0.000000
vt 0.574454 0.042024 0.000000
vt 0.771065 0.042024 0.000000
vt 0.574454 0.060263 0.000000
vt 0.771065 0.060263 0.000000
vt 0.574454 0.072212 0.000000
vt 0.771065 0.072212 0.000000
vt 0.095163 0.096312 0.000000
vt 0.095163 0.111964 0.000000
vt 0.291735 0.111964 0.000000
vt 0.291735 0.096312 0.000000
vt 0.095163 0.122622 0.000000
vt 0.291735 0.122622 0.000000
vt 0.095163 0.138273 0.000000
vt 0.291735 0.138273 0.000000
vt 0.095163 0.148931 0.000000
vt 0.291735 0.148931 0.000000
vt 0.457764 0.750006 0.000000
vt 0.046828 0.750006 0.000000
vt 0.066181 0.052963 0.000000
vt 0.492320 0.052963 0.000000
vt 0.018563 0.213556 0.000000
vt 0.042415 0.213556 0.000000
vt 0.457764 0.843854 0.000000
vt 0.480682 0.843854 0.000000
vt 0.066180 0.213556 0.000000
vt 0.090032 0.213556 0.000000
vt 0.024777 0.843854 0.000000
vt 0.046828 0.843854 0.000000
vt 0.515187 0.213556 0.000000
vt 0.539038 0.213556 0.000000
vt 0.468469 0.213556 0.000000
vt 0.492320 0.213556 0.000000
vt 0.016843 0.538222 0.000000
vt 0.038645 0.538222 0.000000
vt 0.060368 0.538222 0.000000
vt 0.082169 0.538222 0.000000
vt 0.470778 0.538222 0.000000
vt 0.492579 0.538222 0.000000
vt 0.449877 0.538222 0.000000
vt 0.428076 0.538222 0.000000
vt 0.090032 0.306952 0.000000
vt 0.468469 0.306952 0.000000
vt 0.981083 0.174425 0.000000
vt 0.959358 0.174425 0.000000
vt 0.082169 0.623590 0.000000
vt 0.569823 0.174425 0.000000
vt 0.548921 0.174425 0.000000
vt 0.428076 0.623590 0.000000
vt 0.770852 0.076141 0.000000
vt 0.574454 0.076141 0.000000
vt 0.574454 0.094346 0.000000
vt 0.770852 0.094346 0.000000
vt 0.574454 0.104985 0.000000
vt 0.770852 0.104985 0.000000
vt 0.574454 0.123191 0.000000
vt 0.770852 0.123191 0.000000
vt 0.574454 0.133829 0.000000
vt 0.770852 0.133829 0.000000
vt 0.574454 0.178082 0.000000
vt 0.771135 0.178082 0.000000
vt 0.771135 0.162617 0.000000
vt 0.574454 0.162617 0.000000
vt 0.771135 0.153223 0.000000
vt 0.574454 0.153223 0.000000
vt 0.771135 0.137757 0.000000
vt 0.574454 0.137757 0.000000
vt 0.574454 0.187476 0.000000
vt 0.771135 0.187476 0.000000
vt 0.961100 0.062521 0.000000
vt 0.961100 0.050571 0.000000
vt 0.979341 0.050571 0.000000
vt 0.979341 0.062521 0.000000
vt 0.551545 0.061875 0.000000
vt 0.551545 0.051217 0.000000
vt 0.567198 0.051217 0.000000
vt 0.567198 0.061875 0.000000
vt 0.961117 0.173398 0.000000
vt 0.961117 0.162758 0.000000
vt 0.979324 0.162758 0.000000
vt 0.979324 0.173398 0.000000
vt 0.551638 0.172775 0.000000
vt 0.551638 0.163381 0.000000
vt 0.567105 0.163381 0.000000
vt 0.567105 0.172775 0.000000
vt 0.064275 0.091136 0.000000
vt 0.044320 0.091136 0.000000
vt 0.044320 0.078063 0.000000
vt 0.064275 0.078063 0.000000
vt 0.512315 0.090429 0.000000
vt 0.495192 0.090429 0.000000
vt 0.495192 0.078770 0.000000
vt 0.512315 0.078770 0.000000
vt 0.064256 0.212432 0.000000
vt 0.044339 0.212432 0.000000
vt 0.044339 0.200792 0.000000
vt 0.064256 0.200792 0.000000
vt 0.512214 0.211750 0.000000
vt 0.495293 0.211750 0.000000
vt 0.495293 0.201474 0.000000
vt 0.512214 0.201474 0.000000
# 409 texture coordinates

o smTable
usemtl lambert1
f 3/3/1 2/2/1 1/1/1
f 1/1/1 4/4/1 3/3/1
f 7/7/4 6/6/3 5/5/2
f 5/5/2 8/8/2 7/7/4
f 11/8/6 10/5/6 9/9/5
f 9/9/5 12/10/5 11/8/6
f 9/9/5 14/12/7 13/11/7
f 13/11/7 12/10/5 9/9/5
f 15/13/8 6/6/3 7/7/4
f 7/7/4 16/14/9 15/13/8
f 19/17/11 18/16/10 17/15/10
f 17/15/10 20/18/11 19/17/11
f 23/10/13 22/20/12 21/19/12
f 21/19/12 24/15/13 23/10/13
f 27/16/15 26/22/14 25/21/14
f 25/21/14 28/9/15 27/16/15
f 16/14/9 7/7/4 29/8/16
f 29/8/16 30/23/16 16/14/9
f 32/23/17 31/8/17 23/10/13
f 23/10/13 24/15/13 32/23/17
f 27/16/15 28/9/15 33/5/18
f 33/5/18 34/24/18 27/16/15
f 36/24/19 35/5/19 6/6/3
f 6/6/3 15/13/8 36/24/19
f 17/15/10 18/16/10 37/24/20
f 37/24/20 38/23/20 17/15/10
f 40/23/21 39/24/21 15/13/8
f 15/13/8 16/14/9 40/23/21
f 43/27/23 42/26/22 41/25/22
f 41/25/22 44/28/23 43/27/23
f 45/29/24 43/27/23 44/28/23
f 44/28/23 46/30/24 45/29/24
f 47/31/25 45/29/24 46/30/24
f 46/30/24 48/32/25 47/31/25
f 49/33/26 47/31/25 48/32/25
f 48/32/25 50/34/26 49/33/26
f 51/35/27 49/33/26 50/34/26
f 50/34/26 52/36/27 51/35/27
f 53/37/28 51/35/27 52/36/27
f 52/36/27 54/38/28 53/37/28
f 55/39/29 53/37/28 54/38/28
f 54/38/28 56/40/29 55/39/29
f 57/41/30 55/39/29 56/40/29
f 56/40/29 58/42/30 57/41/30
f 59/43/31 57/41/30 58/42/30
f 58/42/30 60/44/31 59/43/31
f 61/45/32 59/43/31 60/44/31
f 60/44/31 62/46/32 61/45/32
f 63/47/33 61/45/32 62/46/32
f 62/46/32 64/48/33 63/47/33
f 65/49/34 63/47/33 64/48/33
f 64/48/33 66/50/34 65/49/34
f 67/51/35 65/49/34 66/50/34
f 66/50/34 68/52/35 67/51/35
f 69/53/14 67/51/35 68/52/35
f 68/52/35 70/54/14 69/53/14
f 71/55/22 69/53/14 70/54/14
f 70/54/14 72/56/22 71/55/22
f 75/59/37 74/58/11 73/57/36
f 76/60/38 74/58/11 75/59/37
f 77/61/39 74/58/11 76/60/38
f 78/62/40 74/58/11 77/61/39
f 79/63/41 74/58/11 78/62/40
f 80/64/42 74/58/11 79/63/41
f 81/65/43 74/58/11 80/64/42
f 82/66/44 74/58/11 81/65/43
f 83/67/45 74/58/11 82/66/44
f 84/68/46 74/58/11 83/67/45
f 85/69/47 74/58/11 84/68/46
f 86/70/48 74/58/11 85/69/47
f 87/71/49 74/58/11 86/70/48
f 88/72/50 74/58/11 87/71/49
f 73/57/36 74/58/11 88/72/50
f 90/74/52 89/73/51 73/57/36
f 73/57/36 88/72/50 90/74/52
f 91/75/53 90/74/52 88/72/50
f 88/72/50 87/71/49 91/75/53
f 92/76/54 91/75/53 87/71/49
f 87/71/49 86/70/48 92/76/54
f 93/77/55 92/76/54 86/70/48
f 86/70/48 85/69/47 93/77/55
f 94/78/56 93/77/55 85/69/47
f 85/69/47 84/68/46 94/78/56
f 95/79/57 94/78/56 84/68/46
f 84/68/46 83/67/45 95/79/57
f 96/80/58 95/79/57 83/67/45
f 83/67/45 82/66/44 96/80/58
f 97/81/59 96/80/58 82/66/44
f 82/66/44 81/65/43 97/81/59
f 98/82/60 97/81/59 81/65/43
f 81/65/43 80/64/42 98/82/60
f 99/83/61 98/82/60 80/64/42
f 80/64/42 79/63/41 99/83/61
f 100/84/62 99/83/61 79/63/41
f 79/63/41 78/62/40 100/84/62
f 101/85/63 100/84/62 78/62/40
f 78/62/40 77/61/39 101/85/63
f 102/86/64 101/85/63 77/61/39
f 77/61/39 76/60/38 102/86/64
f 103/87/65 102/86/64 76/60/38
f 76/60/38 75/59/37 103/87/65
f 89/73/51 103/87/65 75/59/37
f 75/59/37 73/57/36 89/73/51
f 106/25/67 105/26/67 104/27/66
f 104/27/66 107/28/66 106/25/67
f 107/28/66 104/27/66 108/29/68
f 108/29/68 109/30/68 107/28/66
f 109/30/68 108/29/68 110/31/69
f 110/31/69 111/32/69 109/30/68
f 111/32/69 110/31/69 112/33/70
f 112/33/70 113/34/70 111/32/69
f 113/34/70 112/33/70 114/35/71
f 114/35/71 115/36/71 113/34/70
f 115/36/71 114/35/71 116/37/72
f 116/37/72 117/38/72 115/36/71
f 117/38/72 116/37/72 118/39/73
f 118/39/73 119/40/73 117/38/72
f 119/40/73 118/39/73 120/41/74
f 120/41/74 121/42/74 119/40/73
f 121/42/74 120/41/74 122/43/75
f 122/43/75 123/44/75 121/42/74
f 123/44/75 122/43/75 124/45/76
f 124/45/76 125/46/76 123/44/75
f 125/46/76 124/45/76 126/47/77
f 126/47/77 127/48/77 125/46/76
f 127/48/77 126/47/77 128/49/78
f 128/49/78 129/50/78 127/48/77
f 129/50/78 128/49/78 130/51/79
f 130/51/79 131/52/79 129/50/78
f 131/52/79 130/51/79 132/53/12
f 132/53/12 133/54/12 131/52/79
f 133/54/12 132/53/12 134/55/67
f 134/55/67 135/56/67 133/54/12
f 138/59/81 137/57/80 136/58/7
f 139/60/82 138/59/81 136/58/7
f 140/61/83 139/60/82 136/58/7
f 141/62/84 140/61/83 136/58/7
f 142/63/85 141/62/84 136/58/7
f 143/64/86 142/63/85 136/58/7
f 144/65/87 143/64/86 136/58/7
f 145/66/88 144/65/87 136/58/7
f 146/67/89 145/66/88 136/58/7
f 147/88/90 146/67/89 136/58/7
f 148/69/91 147/88/90 136/58/7
f 149/70/92 148/69/91 136/58/7
f 150/71/93 149/70/92 136/58/7
f 151/72/94 150/71/93 136/58/7
f 137/57/80 151/72/94 136/58/7
f 137/57/80 153/73/96 152/74/95
f 152/74/95 151/72/94 137/57/80
f 151/72/94 152/74/95 154/75/97
f 154/75/97 150/71/93 151/72/94
f 150/71/93 154/75/97 155/76/98
f 155/76/98 149/70/92 150/71/93
f 149/70/92 155/76/98 156/77/99
f 156/77/99 148/69/91 149/70/92
f 148/69/91 156/77/99 157/78/100
f 157/78/100 147/88/90 148/69/91
f 147/88/90 157/78/100 158/79/101
f 158/79/101 146/67/89 147/88/90
f 146/67/89 158/79/101 159/80/102
f 159/80/102 145/66/88 146/67/89
f 145/66/88 159/80/102 160/81/103
f 160/81/103 144/65/87 145/66/88
f 144/65/87 160/81/103 161/82/104
f 161/82/104 143/64/86 144/65/87
f 143/64/86 161/82/104 162/83/105
f 162/83/105 142/63/85 143/64/86
f 142/63/85 162/83/105 163/84/106
f 163/84/106 141/62/84 142/63/85
f 141/62/84 163/84/106 164/85/107
f 164/85/107 140/61/83 141/62/84
f 140/61/83 164/85/107 165/86/108
f 165/86/108 139/60/82 140/61/83
f 139/60/82 165/86/108 166/87/109
f 166/87/109 138/59/81 139/60/82
f 138/59/81 166/87/109 153/73/96
f 153/73/96 137/57/80 138/59/81
f 169/25/67 168/26/67 167/27/110
f 167/27/110 170/28/110 169/25/67
f 170/28/110 167/27/110 171/89/68
f 171/89/68 172/90/68 170/28/110
f 172/90/68 171/89/68 173/31/111
f 173/31/111 174/32/111 172/90/68
f 174/32/111 173/31/111 175/33/70
f 175/33/70 176/34/70 174/32/111
f 176/34/70 175/33/70 177/35/112
f 177/35/112 178/36/112 176/34/70
f 178/36/112 177/35/112 179/37/72
f 179/37/72 180/38/72 178/36/112
f 180/38/72 179/37/72 181/39/73
f 181/39/73 182/40/73 180/38/72
f 182/40/73 181/39/73 183/41/113
f 183/41/113 184/42/113 182/40/73
f 184/42/113 183/41/113 185/43/75
f 185/43/75 186/44/75 184/42/113
f 186/44/75 185/43/75 187/45/114
f 187/45/114 188/46/114 186/44/75
f 188/46/114 187/45/114 189/47/77
f 189/47/77 190/48/77 188/46/114
f 190/48/77 189/47/77 191/49/115
f 191/49/115 192/50/115 190/48/77
f 192/50/115 191/49/115 193/51/79
f 193/51/79 194/52/79 192/50/115
f 194/52/79 193/51/79 195/53/12
f 195/53/12 196/54/12 194/52/79
f 196/54/12 195/53/12 197/55/67
f 197/55/67 198/56/67 196/54/12
f 201/59/116 200/57/80 199/58/7
f 202/60/82 201/59/116 199/58/7
f 203/61/83 202/60/82 199/58/7
f 204/62/84 203/61/83 199/58/7
f 205/63/85 204/62/84 199/58/7
f 206/64/86 205/63/85 199/58/7
f 207/65/87 206/64/86 199/58/7
f 208/66/88 207/65/87 199/58/7
f 209/67/117 208/66/88 199/58/7
f 210/68/90 209/67/117 199/58/7
f 211/69/91 210/68/90 199/58/7
f 212/70/118 211/69/91 199/58/7
f 213/71/93 212/70/118 199/58/7
f 214/72/94 213/71/93 199/58/7
f 200/57/80 214/72/94 199/58/7
f 200/57/80 216/73/120 215/74/119
f 215/74/119 214/72/94 200/57/80
f 214/72/94 215/74/119 217/75/97
f 217/75/97 213/71/93 214/72/94
f 213/71/93 217/75/97 218/76/98
f 218/76/98 212/70/118 213/71/93
f 212/70/118 218/76/98 219/77/99
f 219/77/99 211/69/91 212/70/118
f 211/69/91 219/77/99 220/78/100
f 220/78/100 210/68/90 211/69/91
f 210/68/90 220/78/100 221/79/101
f 221/79/101 209/67/117 210/68/90
f 209/67/117 221/79/101 222/80/121
f 222/80/121 208/66/88 209/67/117
f 208/66/88 222/80/121 223/81/103
f 223/81/103 207/65/87 208/66/88
f 207/65/87 223/81/103 224/82/104
f 224/82/104 206/64/86 207/65/87
f 206/64/86 224/82/104 225/83/105
f 225/83/105 205/63/85 206/64/86
f 205/63/85 225/83/105 226/84/106
f 226/84/106 204/62/84 205/63/85
f 204/62/84 226/84/106 227/85/107
f 227/85/107 203/61/83 204/62/84
f 203/61/83 227/85/107 228/86/108
f 228/86/108 202/60/82 203/61/83
f 202/60/82 228/86/108 229/87/109
f 229/87/109 201/59/116 202/60/82
f 201/59/116 229/87/109 216/73/120
f 216/73/120 200/57/80 201/59/116
f 232/27/122 231/26/22 230/25/22
f 230/25/22 233/28/122 232/27/122
f 234/29/24 232/27/122 233/28/122
f 233/28/122 235/30/24 234/29/24
f 236/31/123 234/29/24 235/30/24
f 235/30/24 237/32/123 236/31/123
f 238/33/26 236/31/123 237/32/123
f 237/32/123 239/34/26 238/33/26
f 240/35/27 238/33/26 239/34/26
f 239/34/26 241/36/27 240/35/27
f 242/37/124 240/35/27 241/36/27
f 241/36/27 243/38/125 242/37/124
f 244/91/29 242/37/124 243/38/125
f 243/38/125 245/92/29 244/91/29
f 246/41/126 244/91/29 245/92/29
f 245/92/29 247/42/126 246/41/126
f 248/43/31 246/41/126 247/42/126
f 247/42/126 249/44/31 248/43/31
f 250/45/32 248/43/31 249/44/31
f 249/44/31 251/46/32 250/45/32
f 252/47/33 250/45/32 251/46/32
f 251/46/32 253/48/33 252/47/33
f 254/49/127 252/47/33 253/48/33
f 253/48/33 255/50/127 254/49/127
f 256/51/35 254/49/127 255/50/127
f 255/50/127 257/52/35 256/51/35
f 258/53/14 256/51/35 257/52/35
f 257/52/35 259/54/14 258/53/14
f 260/55/22 258/53/14 259/54/14
f 259/54/14 261/56/22 260/55/22
f 264/59/37 263/58/11 262/57/128
f 265/60/129 263/58/11 264/59/37
f 266/61/39 263/58/11 265/60/129
f 267/62/40 263/58/11 266/61/39
f 268/63/130 263/58/11 267/62/40
f 269/64/42 263/58/11 268/63/130
f 270/65/43 263/58/11 269/64/42
f 271/66/44 263/58/11 270/65/43
f 272/67/45 263/58/11 271/66/44
f 273/68/46 263/58/11 272/67/45
f 274/69/47 263/58/11 273/68/46
f 275/70/131 263/58/11 274/69/47
f 276/71/49 263/58/11 275/70/131
f 277/72/50 263/58/11 276/71/49
f 262/57/128 263/58/11 277/72/50
f 279/74/52 278/93/132 262/57/128
f 262/57/128 277/72/50 279/74/52
f 280/94/133 279/74/52 277/72/50
f 277/72/50 276/71/49 280/94/133
f 281/76/134 280/94/133 276/71/49
f 276/71/49 275/70/131 281/76/134
f 282/77/135 281/76/134 275/70/131
f 275/70/131 274/69/47 282/77/135
f 283/78/56 282/77/135 274/69/47
f 274/69/47 273/68/46 283/78/56
f 284/79/136 283/78/56 273/68/46
f 273/68/46 272/67/45 284/79/136
f 285/80/137 284/79/136 272/67/45
f 272/67/45 271/66/44 285/80/137
f 286/81/138 285/80/137 271/66/44
f 271/66/44 270/65/43 286/81/138
f 287/95/139 286/81/138 270/65/43
f 270/65/43 269/64/42 287/95/139
f 288/83/140 287/95/139 269/64/42
f 269/64/42 268/63/130 288/83/140
f 289/84/141 288/83/140 268/63/130
f 268/63/130 267/62/40 289/84/141
f 290/85/63 289/84/141 267/62/40
f 267/62/40 266/61/39 290/85/63
f 291/86/142 290/85/63 266/61/39
f 266/61/39 265/60/129 291/86/142
f 292/87/143 291/86/142 265/60/129
f 265/60/129 264/59/37 292/87/143
f 278/93/132 292/87/143 264/59/37
f 264/59/37 262/57/128 278/93/132
f 295/98/145 294/97/145 293/96/144
f 293/96/144 296/99/144 295/98/145
f 296/99/144 293/96/144 297/100/146
f 297/100/146 298/101/146 296/99/144
f 298/101/146 297/100/146 299/102/147
f 299/102/147 300/103/147 298/101/146
f 300/103/147 299/102/147 301/104/148
f 301/104/148 302/105/148 300/103/147
f 302/105/148 301/104/148 303/106/149
f 303/106/149 304/107/149 302/105/148
f 304/107/149 303/106/149 305/108/150
f 305/108/150 306/109/150 304/107/149
f 306/109/150 305/108/150 307/110/151
f 307/110/151 308/111/151 306/109/150
f 308/111/151 307/110/151 309/112/152
f 309/112/152 310/113/152 308/111/151
f 310/113/152 309/112/152 311/114/153
f 311/114/153 312/115/153 310/113/152
f 312/115/153 311/114/153 313/116/154
f 313/116/154 314/117/154 312/115/153
f 314/117/154 313/116/154 315/118/155
f 315/118/155 316/119/155 314/117/154
f 316/119/155 315/118/155 317/120/156
f 317/120/156 318/121/156 316/119/155
f 318/121/156 317/120/156 319/122/157
f 319/122/157 320/123/157 318/121/156
f 320/123/157 319/122/157 321/124/12
f 321/124/12 322/125/12 320/123/157
f 322/125/12 321/124/12 323/126/145
f 323/126/145 324/127/145 322/125/12
f 327/130/1 326/129/1 325/128/1
f 328/131/1 327/130/1 325/128/1
f 329/132/1 328/131/1 325/128/1
f 330/133/1 329/132/1 325/128/1
f 331/134/1 330/133/1 325/128/1
f 332/135/1 331/134/1 325/128/1
f 333/136/1 332/135/1 325/128/1
f 334/137/1 333/136/1 325/128/1
f 335/138/1 334/137/1 325/128/1
f 336/139/1 335/138/1 325/128/1
f 337/140/1 336/139/1 325/128/1
f 338/141/1 337/140/1 325/128/1
f 339/142/1 338/141/1 325/128/1
f 340/143/1 339/142/1 325/128/1
f 326/129/1 340/143/1 325/128/1
f 343/98/145 342/97/145 341/96/144
f 341/96/144 344/99/144 343/98/145
f 344/99/144 341/96/144 345/100/146
f 345/100/146 346/101/146 344/99/144
f 346/101/146 345/100/146 347/102/158
f 347/102/158 348/103/158 346/101/146
f 348/103/158 347/102/158 349/104/148
f 349/104/148 350/105/148 348/103/158
f 350/105/148 349/104/148 351/106/149
f 351/106/149 352/107/149 350/105/148
f 352/107/149 351/106/149 353/108/150
f 353/108/150 354/109/150 352/107/149
f 354/109/150 353/108/150 355/110/151
f 355/110/151 356/111/151 354/109/150
f 356/111/151 355/110/151 357/112/152
f 357/112/152 358/113/152 356/111/151
f 358/113/152 357/112/152 359/114/153
f 359/114/153 360/115/153 358/113/152
f 360/115/153 359/114/153 361/116/159
f 361/116/159 362/117/159 360/115/153
f 362/117/159 361/116/159 363/118/155
f 363/118/155 364/119/155 362/117/159
f 364/119/155 363/118/155 365/120/156
f 365/120/156 366/121/156 364/119/155
f 366/121/156 365/120/156 367/122/157
f 367/122/157 368/123/157 366/121/156
f 368/123/157 367/122/157 369/124/12
f 369/124/12 370/125/12 368/123/157
f 370/125/12 369/124/12 371/126/145
f 371/126/145 372/127/145 370/125/12
f 375/144/1 374/129/1 373/128/1
f 376/131/1 375/144/1 373/128/1
f 377/132/1 376/131/1 373/128/1
f 378/133/1 377/132/1 373/128/1
f 379/134/1 378/133/1 373/128/1
f 380/135/1 379/134/1 373/128/1
f 381/136/1 380/135/1 373/128/1
f 382/137/1 381/136/1 373/128/1
f 383/138/1 382/137/1 373/128/1
f 384/139/1 383/138/1 373/128/1
f 385/140/1 384/139/1 373/128/1
f 386/145/1 385/140/1 373/128/1
f 387/142/1 386/145/1 373/128/1
f 388/143/1 387/142/1 373/128/1
f 374/129/1 388/143/1 373/128/1
f 391/27/160 390/26/22 389/25/22
f 389/25/22 392/28/160 391/27/160
f 393/29/24 391/27/160 392/28/160
f 392/28/160 394/30/24 393/29/24
f 395/31/123 393/29/24 394/30/24
f 394/30/24 396/32/123 395/31/123
f 397/33/161 395/31/123 396/32/123
f 396/32/123 398/34/161 397/33/161
f 399/35/27 397/33/161 398/34/161
f 398/34/161 400/36/27 399/35/27
f 401/37/125 399/35/27 400/36/27
f 400/36/27 402/38/125 401/37/125
f 403/39/29 401/37/125 402/38/125
f 402/38/125 404/40/29 403/39/29
f 405/41/126 403/39/29 404/40/29
f 404/40/29 406/42/126 405/41/126
f 407/43/162 405/41/126 406/42/126
f 406/42/126 408/44/162 407/43/162
f 409/45/163 407/43/162 408/44/162
f 408/44/162 410/46/163 409/45/163
f 411/47/33 409/45/163 410/46/163
f 410/46/163 412/48/33 411/47/33
f 413/49/34 411/47/33 412/48/33
f 412/48/33 414/50/34 413/49/34
f 415/51/35 413/49/34 414/50/34
f 414/50/34 416/52/35 415/51/35
f 417/53/14 415/51/35 416/52/35
f 416/52/35 418/54/14 417/53/14
f 419/55/22 417/53/14 418/54/14
f 418/54/14 420/56/22 419/55/22
f 423/59/37 422/58/11 421/57/36
f 424/60/38 422/58/11 423/59/37
f 425/61/39 422/58/11 424/60/38
f 426/62/40 422/58/11 425/61/39
f 427/63/130 422/58/11 426/62/40
f 428/64/42 422/58/11 427/63/130
f 429/65/43 422/58/11 428/64/42
f 430/66/164 422/58/11 429/65/43
f 431/67/45 422/58/11 430/66/164
f 432/68/46 422/58/11 431/67/45
f 433/69/47 422/58/11 432/68/46
f 434/70/48 422/58/11 433/69/47
f 435/71/165 422/58/11 434/70/48
f 436/72/50 422/58/11 435/71/165
f 421/57/36 422/58/11 436/72/50
f 438/74/166 437/73/51 421/57/36
f 421/57/36 436/72/50 438/74/166
f 439/75/167 438/74/166 436/72/50
f 436/72/50 435/71/165 439/75/167
f 440/76/54 439/75/167 435/71/165
f 435/71/165 434/70/48 440/76/54
f 441/77/55 440/76/54 434/70/48
f 434/70/48 433/69/47 441/77/55
f 442/78/56 441/77/55 433/69/47
f 433/69/47 432/68/46 442/78/56
f 443/79/57 442/78/56 432/68/46
f 432/68/46 431/67/45 443/79/57
f 444/80/168 443/79/57 431/67/45
f 431/67/45 430/66/164 444/80/168
f 445/81/138 444/80/168 430/66/164
f 430/66/164 429/65/43 445/81/138
f 446/82/139 445/81/138 429/65/43
f 429/65/43 428/64/42 446/82/139
f 447/83/140 446/82/139 428/64/42
f 428/64/42 427/63/130 447/83/140
f 448/84/169 447/83/140 427/63/130
f 427/63/130 426/62/40 448/84/169
f 449/85/63 448/84/169 426/62/40
f 426/62/40 425/61/39 449/85/63
f 450/86/170 449/85/63 425/61/39
f 425/61/39 424/60/38 450/86/170
f 451/87/65 450/86/170 424/60/38
f 424/60/38 423/59/37 451/87/65
f 437/73/51 451/87/65 423/59/37
f 423/59/37 421/57/36 437/73/51
f 454/98/145 453/97/145 452/96/144
f 452/96/144 455/99/144 454/98/145
f 455/99/144 452/96/144 456/100/146
f 456/100/146 457/101/146 455/99/144
f 457/101/146 456/100/146 458/102/158
f 458/102/158 459/103/158 457/101/146
f 459/103/158 458/102/158 460/104/148
f 460/104/148 461/105/148 459/103/158
f 461/105/148 460/104/148 462/106/149
f 462/106/149 463/107/149 461/105/148
f 463/107/149 462/106/149 464/108/150
f 464/108/150 465/109/150 463/107/149
f 465/109/150 464/108/150 466/110/151
f 466/110/151 467/111/151 465/109/150
f 467/111/151 466/110/151 468/112/152
f 468/112/152 469/113/152 467/111/151
f 469/113/152 468/112/152 470/114/153
f 470/114/153 471/115/153 469/113/152
f 471/115/153 470/114/153 472/116/159
f 472/116/159 473/117/159 471/115/153
f 473/117/159 472/116/159 474/118/155
f 474/118/155 475/119/155 473/117/159
f 475/119/155 474/118/155 476/120/156
f 476/120/156 477/121/156 475/119/155
f 477/121/156 476/120/156 478/122/157
f 478/122/157 479/123/157 477/121/156
f 479/123/157 478/122/157 480/124/12
f 480/124/12 481/125/12 479/123/157
f 481/125/12 480/124/12 482/126/145
f 482/126/145 483/127/145 481/125/12
f 486/130/1 485/129/1 484/128/1
f 487/131/1 486/130/1 484/128/1
f 488/132/1 487/131/1 484/128/1
f 489/133/1 488/132/1 484/128/1
f 490/134/1 489/133/1 484/128/1
f 491/135/1 490/134/1 484/128/1
f 492/136/1 491/135/1 484/128/1
f 493/137/1 492/136/1 484/128/1
f 494/138/1 493/137/1 484/128/1
f 495/139/1 494/138/1 484/128/1
f 496/140/1 495/139/1 484/128/1
f 497/141/1 496/140/1 484/128/1
f 498/142/1 497/141/1 484/128/1
f 499/143/1 498/142/1 484/128/1
f 485/129/1 499/143/1 484/128/1
f 502/27/122 501/26/22 500/25/22
f 500/25/22 503/28/160 502/27/122
f 504/29/24 502/27/122 503/28/160
f 503/28/160 505/30/24 504/29/24
f 506/31/25 504/29/24 505/30/24
f 505/30/24 507/32/25 506/31/25
f 508/33/161 506/31/25 507/32/25
f 507/32/25 509/34/161 508/33/161
f 510/35/27 508/33/161 509/34/161
f 509/34/161 511/36/27 510/35/27
f 512/37/125 510/35/27 511/36/27
f 511/36/27 513/38/125 512/37/125
f 514/39/29 512/37/125 513/38/125
f 513/38/125 515/40/29 514/39/29
f 516/41/126 514/39/29 515/40/29
f 515/40/29 517/42/126 516/41/126
f 518/43/162 516/41/126 517/42/126
f 517/42/126 519/44/162 518/43/162
f 520/45/32 518/43/162 519/44/162
f 519/44/162 521/46/32 520/45/32
f 522/47/33 520/45/32 521/46/32
f 521/46/32 523/48/33 522/47/33
f 524/49/34 522/47/33 523/48/33
f 523/48/33 525/50/34 524/49/34
f 526/51/35 524/49/34 525/50/34
f 525/50/34 527/52/35 526/51/35
f 528/53/14 526/51/35 527/52/35
f 527/52/35 529/54/14 528/53/14
f 530/55/22 528/53/14 529/54/14
f 529/54/14 531/56/22 530/55/22
f 534/59/37 533/58/11 532/57/36
f 535/60/38 533/58/11 534/59/37
f 536/61/39 533/58/11 535/60/38
f 537/62/40 533/58/11 536/61/39
f 538/63/130 533/58/11 537/62/40
f 539/64/42 533/58/11 538/63/130
f 540/65/43 533/58/11 539/64/42
f 541/66/44 533/58/11 540/65/43
f 542/67/45 533/58/11 541/66/44
f 543/68/46 533/58/11 542/67/45
f 544/69/47 533/58/11 543/68/46
f 545/70/48 533/58/11 544/69/47
f 546/71/165 533/58/11 545/70/48
f 547/72/50 533/58/11 546/71/165
f 532/57/36 533/58/11 547/72/50
f 549/74/166 548/73/171 532/57/36
f 532/57/36 547/72/50 549/74/166
f 550/75/167 549/74/166 547/72/50
f 547/72/50 546/71/165 550/75/167
f 551/76/54 550/75/167 546/71/165
f 546/71/165 545/70/48 551/76/54
f 552/77/55 551/76/54 545/70/48
f 545/70/48 544/69/47 552/77/55
f 553/78/56 552/77/55 544/69/47
f 544/69/47 543/68/46 553/78/56
f 554/79/57 553/78/56 543/68/46
f 543/68/46 542/67/45 554/79/57
f 555/80/137 554/79/57 542/67/45
f 542/67/45 541/66/44 555/80/137
f 556/81/138 555/80/137 541/66/44
f 541/66/44 540/65/43 556/81/138
f 557/82/139 556/81/138 540/65/43
f 540/65/43 539/64/42 557/82/139
f 558/83/140 557/82/139 539/64/42
f 539/64/42 538/63/130 558/83/140
f 559/84/62 558/83/140 538/63/130
f 538/63/130 537/62/40 559/84/62
f 560/85/63 559/84/62 537/62/40
f 537/62/40 536/61/39 560/85/63
f 561/86/170 560/85/63 536/61/39
f 536/61/39 535/60/38 561/86/170
f 562/87/65 561/86/170 535/60/38
f 535/60/38 534/59/37 562/87/65
f 548/73/171 562/87/65 534/59/37
f 534/59/37 532/57/36 548/73/171
f 565/27/122 564/26/22 563/25/22
f 563/25/22 566/28/122 565/27/122
f 567/29/24 565/27/122 566/28/122
f 566/28/122 568/30/24 567/29/24
f 569/31/123 567/29/24 568/30/24
f 568/30/24 570/32/123 569/31/123
f 571/33/26 569/31/123 570/32/123
f 570/32/123 572/34/26 571/33/26
f 573/35/27 571/33/26 572/34/26
f 572/34/26 574/36/27 573/35/27
f 575/37/125 573/35/27 574/36/27
f 574/36/27 576/38/125 575/37/125
f 577/91/29 575/37/125 576/38/125
f 576/38/125 578/92/29 577/91/29
f 579/41/126 577/91/29 578/92/29
f 578/92/29 580/42/126 579/41/126
f 581/43/31 579/41/126 580/42/126
f 580/42/126 582/44/31 581/43/31
f 583/45/32 581/43/31 582/44/31
f 582/44/31 584/46/32 583/45/32
f 585/47/33 583/45/32 584/46/32
f 584/46/32 586/48/33 585/47/33
f 587/49/127 585/47/33 586/48/33
f 586/48/33 588/50/127 587/49/127
f 589/51/35 587/49/127 588/50/127
f 588/50/127 590/52/35 589/51/35
f 591/53/14 589/51/35 590/52/35
f 590/52/35 592/54/14 591/53/14
f 593/55/22 591/53/14 592/54/14
f 592/54/14 594/56/22 593/55/22
f 597/59/172 596/58/11 595/57/36
f 598/60/38 596/58/11 597/59/172
f 599/61/173 596/58/11 598/60/38
f 600/62/174 596/58/11 599/61/173
f 601/63/130 596/58/11 600/62/174
f 602/64/175 596/58/11 601/63/130
f 603/65/43 596/58/11 602/64/175
f 604/66/164 596/58/11 603/65/43
f 605/67/176 596/58/11 604/66/164
f 606/68/177 596/58/11 605/67/176
f 607/69/47 596/58/11 606/68/177
f 608/70/131 596/58/11 607/69/47
f 609/71/178 596/58/11 608/70/131
f 610/72/50 596/58/11 609/71/178
f 595/57/36 596/58/11 610/72/50
f 612/74/52 611/93/51 595/57/36
f 595/57/36 610/72/50 612/74/52
f 613/94/53 612/74/52 610/72/50
f 610/72/50 609/71/178 613/94/53
f 614/76/179 613/94/53 609/71/178
f 609/71/178 608/70/131 614/76/179
f 615/77/55 614/76/179 608/70/131
f 608/70/131 607/69/47 615/77/55
f 616/78/56 615/77/55 607/69/47
f 607/69/47 606/68/177 616/78/56
f 617/79/136 616/78/56 606/68/177
f 606/68/177 605/67/176 617/79/136
f 618/80/180 617/79/136 605/67/176
f 605/67/176 604/66/164 618/80/180
f 619/81/181 618/80/180 604/66/164
f 604/66/164 603/65/43 619/81/181
f 620/95/182 619/81/181 603/65/43
f 603/65/43 602/64/175 620/95/182
f 621/83/183 620/95/182 602/64/175
f 602/64/175 601/63/130 621/83/183
f 622/84/141 621/83/183 601/63/130
f 601/63/130 600/62/174 622/84/141
f 623/85/63 622/84/141 600/62/174
f 600/62/174 599/61/173 623/85/63
f 624/86/184 623/85/63 599/61/173
f 599/61/173 598/60/38 624/86/184
f 625/87/185 624/86/184 598/60/38
f 598/60/38 597/59/172 625/87/185
f 611/93/51 625/87/185 597/59/172
f 597/59/172 595/57/36 611/93/51
f 628/25/67 627/26/67 626/27/110
f 626/27/110 629/28/110 628/25/67
f 629/28/110 626/27/110 630/89/68
f 630/89/68 631/90/68 629/28/110
f 631/90/68 630/89/68 632/31/111
f 632/31/111 633/32/111 631/90/68
f 633/32/111 632/31/111 634/33/70
f 634/33/70 635/34/70 633/32/111
f 635/34/70 634/33/70 636/35/112
f 636/35/112 637/36/112 635/34/70
f 637/36/112 636/35/112 638/37/72
f 638/37/72 639/38/72 637/36/112
f 639/38/72 638/37/72 640/39/73
f 640/39/73 641/40/73 639/38/72
f 641/40/73 640/39/73 642/41/113
f 642/41/113 643/42/113 641/40/73
f 643/42/113 642/41/113 644/43/75
f 644/43/75 645/44/75 643/42/113
f 645/44/75 644/43/75 646/45/114
f 646/45/114 647/46/114 645/44/75
f 647/46/114 646/45/114 648/47/77
f 648/47/77 649/48/77 647/46/114
f 649/48/77 648/47/77 650/49/115
f 650/49/115 651/50/115 649/48/77
f 651/50/115 650/49/115 652/51/79
f 652/51/79 653/52/79 651/50/115
f 653/52/79 652/51/79 654/53/12
f 654/53/12 655/54/12 653/52/79
f 655/54/12 654/53/12 656/55/67
f 656/55/67 657/56/67 655/54/12
f 660/59/116 659/57/80 658/58/7
f 661/60/82 660/59/116 658/58/7
f 662/61/83 661/60/82 658/58/7
f 663/62/84 662/61/83 658/58/7
f 664/63/85 663/62/84 658/58/7
f 665/64/86 664/63/85 658/58/7
f 666/65/87 665/64/86 658/58/7
f 667/66/88 666/65/87 658/58/7
f 668/67/117 667/66/88 658/58/7
f 669/68/90 668/67/117 658/58/7
f 670/69/91 669/68/90 658/58/7
f 671/70/118 670/69/91 658/58/7
f 672/71/93 671/70/118 658/58/7
f 673/72/94 672/71/93 658/58/7
f 659/57/80 673/72/94 658/58/7
f 659/57/80 675/73/120 674/74/119
f 674/74/119 673/72/94 659/57/80
f 673/72/94 674/74/119 676/75/97
f 676/75/97 672/71/93 673/72/94
f 672/71/93 676/75/97 677/76/98
f 677/76/98 671/70/118 672/71/93
f 671/70/118 677/76/98 678/77/99
f 678/77/99 670/69/91 671/70/118
f 670/69/91 678/77/99 679/78/100
f 679/78/100 669/68/90 670/69/91
f 669/68/90 679/78/100 680/79/101
f 680/79/101 668/67/117 669/68/90
f 668/67/117 680/79/101 681/80/186
f 681/80/186 667/66/88 668/67/117
f 667/66/88 681/80/186 682/81/103
f 682/81/103 666/65/87 667/66/88
f 666/65/87 682/81/103 683/82/104
f 683/82/104 665/64/86 666/65/87
f 665/64/86 683/82/104 684/83/105
f 684/83/105 664/63/85 665/64/86
f 664/63/85 684/83/105 685/84/106
f 685/84/106 663/62/84 664/63/85
f 663/62/84 685/84/106 686/85/107
f 686/85/107 662/61/83 663/62/84
f 662/61/83 686/85/107 687/86/108
f 687/86/108 661/60/82 662/61/83
f 661/60/82 687/86/108 688/87/109
f 688/87/109 660/59/116 661/60/82
f 660/59/116 688/87/109 675/73/120
f 675/73/120 659/57/80 660/59/116
f 691/25/67 690/26/67 689/27/110
f 689/27/110 692/28/110 691/25/67
f 692/28/110 689/27/110 693/89/68
f 693/89/68 694/90/68 692/28/110
f 694/90/68 693/89/68 695/31/111
f 695/31/111 696/32/111 694/90/68
f 696/32/111 695/31/111 697/33/70
f 697/33/70 698/34/70 696/32/111
f 698/34/70 697/33/70 699/35/112
f 699/35/112 700/36/112 698/34/70
f 700/36/112 699/35/112 701/37/72
f 701/37/72 702/38/72 700/36/112
f 702/38/72 701/37/72 703/39/73
f 703/39/73 704/40/73 702/38/72
f 704/40/73 703/39/73 705/41/113
f 705/41/113 706/42/113 704/40/73
f 706/42/113 705/41/113 707/43/75
f 707/43/75 708/44/75 706/42/113
f 708/44/75 707/43/75 709/45/114
f 709/45/114 710/46/114 708/44/75
f 710/46/114 709/45/114 711/47/77
f 711/47/77 712/48/77 710/46/114
f 712/48/77 711/47/77 713/49/115
f 713/49/115 714/50/115 712/48/77
f 714/50/115 713/49/115 715/51/79
f 715/51/79 716/52/79 714/50/115
f 716/52/79 715/51/79 717/53/12
f 717/53/12 718/54/12 716/52/79
f 718/54/12 717/53/12 719/55/67
f 719/55/67 720/56/67 718/54/12
f 723/59/116 722/57/80 721/58/7
f 724/60/82 723/59/116 721/58/7
f 725/61/83 724/60/82 721/58/7
f 726/62/84 725/61/83 721/58/7
f 727/63/85 726/62/84 721/58/7
f 728/64/86 727/63/85 721/58/7
f 729/65/87 728/64/86 721/58/7
f 730/66/88 729/65/87 721/58/7
f 731/67/117 730/66/88 721/58/7
f 732/68/90 731/67/117 721/58/7
f 733/69/91 732/68/90 721/58/7
f 734/70/118 733/69/91 721/58/7
f 735/71/93 734/70/118 721/58/7
f 736/72/94 735/71/93 721/58/7
f 722/57/80 736/72/94 721/58/7
f 722/57/80 738/73/120 737/74/119
f 737/74/119 736/72/94 722/57/80
f 736/72/94 737/74/119 739/75/97
f 739/75/97 735/71/93 736/72/94
f 735/71/93 739/75/97 740/76/98
f 740/76/98 734/70/118 735/71/93
f 734/70/118 740/76/98 741/77/99
f 741/77/99 733/69/91 734/70/118
f 733/69/91 741/77/99 742/78/100
f 742/78/100 732/68/90 733/69/91
f 732/68/90 742/78/100 743/79/101
f 743/79/101 731/67/117 732/68/90
f 731/67/117 743/79/101 744/80/186
f 744/80/186 730/66/88 731/67/117
f 730/66/88 744/80/186 745/81/103
f 745/81/103 729/65/87 730/66/88
f 729/65/87 745/81/103 746/82/104
f 746/82/104 728/64/86 729/65/87
f 728/64/86 746/82/104 747/83/105
f 747/83/105 727/63/85 728/64/86
f 727/63/85 747/83/105 748/84/106
f 748/84/106 726/62/84 727/63/85
f 726/62/84 748/84/106 749/85/107
f 749/85/107 725/61/83 726/62/84
f 725/61/83 749/85/107 750/86/108
f 750/86/108 724/60/82 725/61/83
f 724/60/82 750/86/108 751/87/109
f 751/87/109 723/59/116 724/60/82
f 723/59/116 751/87/109 738/73/120
f 738/73/120 722/57/80 723/59/116
f 754/98/145 753/97/145 752/96/144
f 752/96/144 755/99/144 754/98/145
f 755/99/144 752/96/144 756/100/146
f 756/100/146 757/101/146 755/99/144
f 757/101/146 756/100/146 758/102/147
f 758/102/147 759/103/147 757/101/146
f 759/103/147 758/102/147 760/104/148
f 760/104/148 761/105/148 759/103/147
f 761/105/148 760/104/148 762/106/149
f 762/106/149 763/107/149 761/105/148
f 763/107/149 762/106/149 764/108/150
f 764/108/150 765/109/150 763/107/149
f 765/109/150 764/108/150 766/110/151
f 766/110/151 767/111/151 765/109/150
f 767/111/151 766/110/151 768/112/152
f 768/112/152 769/113/152 767/111/151
f 769/113/152 768/112/152 770/114/153
f 770/114/153 771/115/153 769/113/152
f 771/115/153 770/114/153 772/116/154
f 772/116/154 773/117/154 771/115/153
f 773/117/154 772/116/154 774/118/155
f 774/118/155 775/119/155 773/117/154
f 775/119/155 774/118/155 776/120/156
f 776/120/156 777/121/156 775/119/155
f 777/121/156 776/120/156 778/122/157
f 778/122/157 779/123/157 777/121/156
f 779/123/157 778/122/157 780/124/12
f 780/124/12 781/125/12 779/123/157
f 781/125/12 780/124/12 782/126/145
f 782/126/145 783/127/145 781/125/12
f 786/130/1 785/129/1 784/128/1
f 787/131/1 786/130/1 784/128/1
f 788/132/1 787/131/1 784/128/1
f 789/133/1 788/132/1 784/128/1
f 790/134/1 789/133/1 784/128/1
f 791/135/1 790/134/1 784/128/1
f 792/136/1 791/135/1 784/128/1
f 793/137/1 792/136/1 784/128/1
f 794/138/1 793/137/1 784/128/1
f 795/139/1 794/138/1 784/128/1
f 796/140/1 795/139/1 784/128/1
f 797/141/1 796/140/1 784/128/1
f 798/146/1 797/141/1 784/128/1
f 799/143/1 798/146/1 784/128/1
f 785/129/1 799/143/1 784/128/1
f 802/25/67 801/26/67 800/27/66
f 800/27/66 803/28/66 802/25/67
f 803/28/66 800/27/66 804/29/68
f 804/29/68 805/30/68 803/28/66
f 805/30/68 804/29/68 806/31/69
f 806/31/69 807/32/69 805/30/68
f 807/32/69 806/31/69 808/33/187
f 808/33/187 809/34/187 807/32/69
f 809/34/187 808/33/187 810/35/112
f 810/35/112 811/36/112 809/34/187
f 811/36/112 810/35/112 812/37/188
f 812/37/188 813/38/188 811/36/112
f 813/38/188 812/37/188 814/39/189
f 814/39/189 815/40/189 813/38/188
f 815/40/189 814/39/189 816/41/113
f 816/41/113 817/42/113 815/40/189
f 817/42/113 816/41/113 818/43/190
f 818/43/190 819/44/190 817/42/113
f 819/44/190 818/43/190 820/45/114
f 820/45/114 821/46/114 819/44/190
f 821/46/114 820/45/114 822/47/77
f 822/47/77 823/48/77 821/46/114
f 823/48/77 822/47/77 824/49/78
f 824/49/78 825/50/78 823/48/77
f 825/50/78 824/49/78 826/51/79
f 826/51/79 827/52/79 825/50/78
f 827/52/79 826/51/79 828/53/12
f 828/53/12 829/54/12 827/52/79
f 829/54/12 828/53/12 830/55/67
f 830/55/67 831/56/67 829/54/12
f 834/59/116 833/57/80 832/58/7
f 835/60/82 834/59/116 832/58/7
f 836/61/83 835/60/82 832/58/7
f 837/62/84 836/61/83 832/58/7
f 838/63/85 837/62/84 832/58/7
f 839/64/86 838/63/85 832/58/7
f 840/65/87 839/64/86 832/58/7
f 841/66/88 840/65/87 832/58/7
f 842/67/89 841/66/88 832/58/7
f 843/68/90 842/67/89 832/58/7
f 844/69/91 843/68/90 832/58/7
f 845/70/118 844/69/91 832/58/7
f 846/71/93 845/70/118 832/58/7
f 847/72/94 846/71/93 832/58/7
f 833/57/80 847/72/94 832/58/7
f 833/57/80 849/73/96 848/74/191
f 848/74/191 847/72/94 833/57/80
f 847/72/94 848/74/191 850/75/97
f 850/75/97 846/71/93 847/72/94
f 846/71/93 850/75/97 851/76/98
f 851/76/98 845/70/118 846/71/93
f 845/70/118 851/76/98 852/77/99
f 852/77/99 844/69/91 845/70/118
f 844/69/91 852/77/99 853/78/100
f 853/78/100 843/68/90 844/69/91
f 843/68/90 853/78/100 854/79/101
f 854/79/101 842/67/89 843/68/90
f 842/67/89 854/79/101 855/80/121
f 855/80/121 841/66/88 842/67/89
f 841/66/88 855/80/121 856/81/103
f 856/81/103 840/65/87 841/66/88
f 840/65/87 856/81/103 857/82/104
f 857/82/104 839/64/86 840/65/87
f 839/64/86 857/82/104 858/83/105
f 858/83/105 838/63/85 839/64/86
f 838/63/85 858/83/105 859/84/106
f 859/84/106 837/62/84 838/63/85
f 837/62/84 859/84/106 860/85/107
f 860/85/107 836/61/83 837/62/84
f 836/61/83 860/85/107 861/86/108
f 861/86/108 835/60/82 836/61/83
f 835/60/82 861/86/108 862/87/109
f 862/87/109 834/59/116 835/60/82
f 834/59/116 862/87/109 849/73/96
f 849/73/96 833/57/80 834/59/116
f 865/27/122 864/26/22 863/25/22
f 863/25/22 866/28/122 865/27/122
f 867/29/24 865/27/122 866/28/122
f 866/28/122 868/30/24 867/29/24
f 869/31/123 867/29/24 868/30/24
f 868/30/24 870/32/123 869/31/123
f 871/33/26 869/31/123 870/32/123
f 870/32/123 872/34/26 871/33/26
f 873/35/27 871/33/26 872/34/26
f 872/34/26 874/36/27 873/35/27
f 875/37/125 873/35/27 874/36/27
f 874/36/27 876/38/125 875/37/125
f 877/91/29 875/37/125 876/38/125
f 876/38/125 878/92/29 877/91/29
f 879/41/126 877/91/29 878/92/29
f 878/92/29 880/42/126 879/41/126
f 881/43/31 879/41/126 880/42/126
f 880/42/126 882/44/31 881/43/31
f 883/45/32 881/43/31 882/44/31
f 882/44/31 884/46/32 883/45/32
f 885/47/33 883/45/32 884/46/32
f 884/46/32 886/48/33 885/47/33
f 887/49/127 885/47/33 886/48/33
f 886/48/33 888/50/127 887/49/127
f 889/51/35 887/49/127 888/50/127
f 888/50/127 890/52/35 889/51/35
f 891/53/14 889/51/35 890/52/35
f 890/52/35 892/54/14 891/53/14
f 893/55/22 891/53/14 892/54/14
f 892/54/14 894/56/22 893/55/22
f 897/59/172 896/58/11 895/57/36
f 898/60/38 896/58/11 897/59/172
f 899/61/39 896/58/11 898/60/38
f 900/62/40 896/58/11 899/61/39
f 901/63/130 896/58/11 900/62/40
f 902/64/42 896/58/11 901/63/130
f 903/65/43 896/58/11 902/64/42
f 904/66/164 896/58/11 903/65/43
f 905/67/45 896/58/11 904/66/164
f 906/68/46 896/58/11 905/67/45
f 907/69/47 896/58/11 906/68/46
f 908/70/131 896/58/11 907/69/47
f 909/71/192 896/58/11 908/70/131
f 910/72/193 896/58/11 909/71/192
f 895/57/36 896/58/11 910/72/193
f 912/74/52 911/93/132 895/57/36
f 895/57/36 910/72/193 912/74/52
f 913/94/133 912/74/52 910/72/193
f 910/72/193 909/71/192 913/94/133
f 914/76/134 913/94/133 909/71/192
f 909/71/192 908/70/131 914/76/134
f 915/77/55 914/76/134 908/70/131
f 908/70/131 907/69/47 915/77/55
f 916/78/56 915/77/55 907/69/47
f 907/69/47 906/68/46 916/78/56
f 917/79/136 916/78/56 906/68/46
f 906/68/46 905/67/45 917/79/136
f 918/80/180 917/79/136 905/67/45
f 905/67/45 904/66/164 918/80/180
f 919/81/138 918/80/180 904/66/164
f 904/66/164 903/65/43 919/81/138
f 920/95/139 919/81/138 903/65/43
f 903/65/43 902/64/42 920/95/139
f 921/83/183 920/95/139 902/64/42
f 902/64/42 901/63/130 921/83/183
f 922/84/141 921/83/183 901/63/130
f 901/63/130 900/62/40 922/84/141
f 923/85/63 922/84/141 900/62/40
f 900/62/40 899/61/39 923/85/63
f 924/86/64 923/85/63 899/61/39
f 899/61/39 898/60/38 924/86/64
f 925/87/185 924/86/64 898/60/38
f 898/60/38 897/59/172 925/87/185
f 911/93/132 925/87/185 897/59/172
f 897/59/172 895/57/36 911/93/132
f 928/25/67 927/26/67 926/27/110
f 926/27/110 929/28/110 928/25/67
f 929/28/110 926/27/110 930/89/68
f 930/89/68 931/90/68 929/28/110
f 931/90/68 930/89/68 932/31/111
f 932/31/111 933/32/111 931/90/68
f 933/32/111 932/31/111 934/33/70
f 934/33/70 935/34/70 933/32/111
f 935/34/70 934/33/70 936/35/112
f 936/35/112 937/36/112 935/34/70
f 937/36/112 936/35/112 938/37/72
f 938/37/72 939/38/72 937/36/112
f 939/38/72 938/37/72 940/39/73
f 940/39/73 941/40/73 939/38/72
f 941/40/73 940/39/73 942/41/113
f 942/41/113 943/42/113 941/40/73
f 943/42/113 942/41/113 944/43/75
f 944/43/75 945/44/75 943/42/113
f 945/44/75 944/43/75 946/45/114
f 946/45/114 947/46/114 945/44/75
f 947/46/114 946/45/114 948/147/77
f 948/147/77 949/148/77 947/46/114
f 949/148/77 948/147/77 950/49/115
f 950/49/115 951/50/115 949/148/77
f 951/50/115 950/49/115 952/51/79
f 952/51/79 953/52/79 951/50/115
f 953/52/79 952/51/79 954/53/12
f 954/53/12 955/54/12 953/52/79
f 955/54/12 954/53/12 956/55/67
f 956/55/67 957/56/67 955/54/12
f 960/59/116 959/57/194 958/58/7
f 961/60/82 960/59/116 958/58/7
f 962/61/83 961/60/82 958/58/7
f 963/62/84 962/61/83 958/58/7
f 964/63/195 963/62/84 958/58/7
f 965/64/86 964/63/195 958/58/7
f 966/65/87 965/64/86 958/58/7
f 967/66/88 966/65/87 958/58/7
f 968/67/117 967/66/88 958/58/7
f 969/88/90 968/67/117 958/58/7
f 970/149/91 969/88/90 958/58/7
f 971/70/118 970/149/91 958/58/7
f 972/71/93 971/70/118 958/58/7
f 973/72/94 972/71/93 958/58/7
f 959/57/194 973/72/94 958/58/7
f 959/57/194 975/73/120 974/74/119
f 974/74/119 973/72/94 959/57/194
f 973/72/94 974/74/119 976/75/97
f 976/75/97 972/71/93 973/72/94
f 972/71/93 976/75/97 977/76/98
f 977/76/98 971/70/118 972/71/93
f 971/70/118 977/76/98 978/77/99
f 978/77/99 970/149/91 971/70/118
f 970/149/91 978/77/99 979/78/100
f 979/78/100 969/88/90 970/149/91
f 969/88/90 979/78/100 980/79/101
f 980/79/101 968/67/117 969/88/90
f 968/67/117 980/79/101 981/80/121
f 981/80/121 967/66/88 968/67/117
f 967/66/88 981/80/121 982/81/103
f 982/81/103 966/65/87 967/66/88
f 966/65/87 982/81/103 983/82/104
f 983/82/104 965/64/86 966/65/87
f 965/64/86 983/82/104 984/83/105
f 984/83/105 964/63/195 965/64/86
f 964/63/195 984/83/105 985/84/106
f 985/84/106 963/62/84 964/63/195
f 963/62/84 985/84/106 986/85/107
f 986/85/107 962/61/83 963/62/84
f 962/61/83 986/85/107 987/86/108
f 987/86/108 961/60/82 962/61/83
f 961/60/82 987/86/108 988/87/109
f 988/87/109 960/59/116 961/60/82
f 960/59/116 988/87/109 975/73/120
f 975/73/120 959/57/194 960/59/116
f 991/25/67 990/26/67 989/27/66
f 989/27/66 992/28/66 991/25/67
f 992/28/66 989/27/66 993/29/68
f 993/29/68 994/30/68 992/28/66
f 994/30/68 993/29/68 995/31/69
f 995/31/69 996/32/69 994/30/68
f 996/32/69 995/31/69 997/33/70
f 997/33/70 998/34/70 996/32/69
f 998/34/70 997/33/70 999/35/71
f 999/35/71 1000/36/71 998/34/70
f 1000/36/71 999/35/71 1001/37/72
f 1001/37/72 1002/38/72 1000/36/71
f 1002/38/72 1001/37/72 1003/39/73
f 1003/39/73 1004/40/73 1002/38/72
f 1004/40/73 1003/39/73 1005/41/74
f 1005/41/74 1006/42/74 1004/40/73
f 1006/42/74 1005/41/74 1007/43/75
f 1007/43/75 1008/44/75 1006/42/74
f 1008/44/75 1007/43/75 1009/45/76
f 1009/45/76 1010/46/76 1008/44/75
f 1010/46/76 1009/45/76 1011/47/77
f 1011/47/77 1012/48/77 1010/46/76
f 1012/48/77 1011/47/77 1013/49/78
f 1013/49/78 1014/50/78 1012/48/77
f 1014/50/78 1013/49/78 1015/51/79
f 1015/51/79 1016/52/79 1014/50/78
f 1016/52/79 1015/51/79 1017/53/12
f 1017/53/12 1018/54/12 1016/52/79
f 1018/54/12 1017/53/12 1019/55/67
f 1019/55/67 1020/56/67 1018/54/12
f 1023/59/81 1022/57/80 1021/58/7
f 1024/60/82 1023/59/81 1021/58/7
f 1025/61/83 1024/60/82 1021/58/7
f 1026/62/84 1025/61/83 1021/58/7
f 1027/63/85 1026/62/84 1021/58/7
f 1028/64/86 1027/63/85 1021/58/7
f 1029/65/87 1028/64/86 1021/58/7
f 1030/66/88 1029/65/87 1021/58/7
f 1031/67/117 1030/66/88 1021/58/7
f 1032/68/90 1031/67/117 1021/58/7
f 1033/69/91 1032/68/90 1021/58/7
f 1034/70/92 1033/69/91 1021/58/7
f 1035/71/93 1034/70/92 1021/58/7
f 1036/72/94 1035/71/93 1021/58/7
f 1022/57/80 1036/72/94 1021/58/7
f 1022/57/80 1038/73/96 1037/74/191
f 1037/74/191 1036/72/94 1022/57/80
f 1036/72/94 1037/74/191 1039/75/97
f 1039/75/97 1035/71/93 1036/72/94
f 1035/71/93 1039/75/97 1040/76/98
f 1040/76/98 1034/70/92 1035/71/93
f 1034/70/92 1040/76/98 1041/77/99
f 1041/77/99 1033/69/91 1034/70/92
f 1033/69/91 1041/77/99 1042/78/100
f 1042/78/100 1032/68/90 1033/69/91
f 1032/68/90 1042/78/100 1043/79/101
f 1043/79/101 1031/67/117 1032/68/90
f 1031/67/117 1043/79/101 1044/80/186
f 1044/80/186 1030/66/88 1031/67/117
f 1030/66/88 1044/80/186 1045/81/103
f 1045/81/103 1029/65/87 1030/66/88
f 1029/65/87 1045/81/103 1046/82/104
f 1046/82/104 1028/64/86 1029/65/87
f 1028/64/86 1046/82/104 1047/83/105
f 1047/83/105 1027/63/85 1028/64/86
f 1027/63/85 1047/83/105 1048/84/106
f 1048/84/106 1026/62/84 1027/63/85
f 1026/62/84 1048/84/106 1049/85/107
f 1049/85/107 1025/61/83 1026/62/84
f 1025/61/83 1049/85/107 1050/86/108
f 1050/86/108 1024/60/82 1025/61/83
f 1024/60/82 1050/86/108 1051/87/109
f 1051/87/109 1023/59/81 1024/60/82
f 1023/59/81 1051/87/109 1038/73/96
f 1038/73/96 1022/57/80 1023/59/81
f 1054/27/23 1053/26/22 1052/25/22
f 1052/25/22 1055/28/23 1054/27/23
f 1056/29/24 1054/27/23 1055/28/23
f 1055/28/23 1057/30/24 1056/29/24
f 1058/31/123 1056/29/24 1057/30/24
f 1057/30/24 1059/32/123 1058/31/123
f 1060/33/26 1058/31/123 1059/32/123
f 1059/32/123 1061/34/26 1060/33/26
f 1062/35/27 1060/33/26 1061/34/26
f 1061/34/26 1063/36/27 1062/35/27
f 1064/37/28 1062/35/27 1063/36/27
f 1063/36/27 1065/38/28 1064/37/28
f 1066/39/29 1064/37/28 1065/38/28
f 1065/38/28 1067/40/29 1066/39/29
f 1068/41/30 1066/39/29 1067/40/29
f 1067/40/29 1069/42/30 1068/41/30
f 1070/43/31 1068/41/30 1069/42/30
f 1069/42/30 1071/44/31 1070/43/31
f 1072/45/32 1070/43/31 1071/44/31
f 1071/44/31 1073/46/32 1072/45/32
f 1074/47/33 1072/45/32 1073/46/32
f 1073/46/32 1075/48/33 1074/47/33
f 1076/49/34 1074/47/33 1075/48/33
f 1075/48/33 1077/50/34 1076/49/34
f 1078/51/35 1076/49/34 1077/50/34
f 1077/50/34 1079/52/35 1078/51/35
f 1080/53/14 1078/51/35 1079/52/35
f 1079/52/35 1081/54/14 1080/53/14
f 1082/55/22 1080/53/14 1081/54/14
f 1081/54/14 1083/56/22 1082/55/22
f 1086/59/37 1085/58/11 1084/57/36
f 1087/60/38 1085/58/11 1086/59/37
f 1088/61/39 1085/58/11 1087/60/38
f 1089/62/40 1085/58/11 1088/61/39
f 1090/63/41 1085/58/11 1089/62/40
f 1091/64/42 1085/58/11 1090/63/41
f 1092/65/43 1085/58/11 1091/64/42
f 1093/66/44 1085/58/11 1092/65/43
f 1094/67/45 1085/58/11 1093/66/44
f 1095/68/46 1085/58/11 1094/67/45
f 1096/69/47 1085/58/11 1095/68/46
f 1097/70/48 1085/58/11 1096/69/47
f 1098/71/49 1085/58/11 1097/70/48
f 1099/72/50 1085/58/11 1098/71/49
f 1084/57/36 1085/58/11 1099/72/50
f 1101/74/52 1100/73/51 1084/57/36
f 1084/57/36 1099/72/50 1101/74/52
f 1102/75/53 1101/74/52 1099/72/50
f 1099/72/50 1098/71/49 1102/75/53
f 1103/76/54 1102/75/53 1098/71/49
f 1098/71/49 1097/70/48 1103/76/54
f 1104/77/135 1103/76/54 1097/70/48
f 1097/70/48 1096/69/47 1104/77/135
f 1105/78/56 1104/77/135 1096/69/47
f 1096/69/47 1095/68/46 1105/78/56
f 1106/79/57 1105/78/56 1095/68/46
f 1095/68/46 1094/67/45 1106/79/57
f 1107/80/137 1106/79/57 1094/67/45
f 1094/67/45 1093/66/44 1107/80/137
f 1108/81/59 1107/80/137 1093/66/44
f 1093/66/44 1092/65/43 1108/81/59
f 1109/82/60 1108/81/59 1092/65/43
f 1092/65/43 1091/64/42 1109/82/60
f 1110/83/196 1109/82/60 1091/64/42
f 1091/64/42 1090/63/41 1110/83/196
f 1111/84/169 1110/83/196 1090/63/41
f 1090/63/41 1089/62/40 1111/84/169
f 1112/85/63 1111/84/169 1089/62/40
f 1089/62/40 1088/61/39 1112/85/63
f 1113/86/64 1112/85/63 1088/61/39
f 1088/61/39 1087/60/38 1113/86/64
f 1114/87/65 1113/86/64 1087/60/38
f 1087/60/38 1086/59/37 1114/87/65
f 1100/73/51 1114/87/65 1086/59/37
f 1086/59/37 1084/57/36 1100/73/51
f 1117/27/122 1116/26/22 1115/25/22
f 1115/25/22 1118/28/122 1117/27/122
f 1119/29/24 1117/27/122 1118/28/122
f 1118/28/122 1120/30/24 1119/29/24
f 1121/31/123 1119/29/24 1120/30/24
f 1120/30/24 1122/32/123 1121/31/123
f 1123/33/26 1121/31/123 1122/32/123
f 1122/32/123 1124/34/26 1123/33/26
f 1125/35/27 1123/33/26 1124/34/26
f 1124/34/26 1126/36/27 1125/35/27
f 1127/37/124 1125/35/27 1126/36/27
f 1126/36/27 1128/38/125 1127/37/124
f 1129/91/29 1127/37/124 1128/38/125
f 1128/38/125 1130/92/29 1129/91/29
f 1131/41/126 1129/91/29 1130/92/29
f 1130/92/29 1132/42/126 1131/41/126
f 1133/43/31 1131/41/126 1132/42/126
f 1132/42/126 1134/44/31 1133/43/31
f 1135/45/32 1133/43/31 1134/44/31
f 1134/44/31 1136/46/32 1135/45/32
f 1137/47/33 1135/45/32 1136/46/32
f 1136/46/32 1138/48/33 1137/47/33
f 1139/49/127 1137/47/33 1138/48/33
f 1138/48/33 1140/50/127 1139/49/127
f 1141/51/35 1139/49/127 1140/50/127
f 1140/50/127 1142/52/35 1141/51/35
f 1143/53/14 1141/51/35 1142/52/35
f 1142/52/35 1144/54/14 1143/53/14
f 1145/55/22 1143/53/14 1144/54/14
f 1144/54/14 1146/56/22 1145/55/22
f 1149/59/172 1148/58/11 1147/57/36
f 1150/60/129 1148/58/11 1149/59/172
f 1151/61/173 1148/58/11 1150/60/129
f 1152/62/174 1148/58/11 1151/61/173
f 1153/63/130 1148/58/11 1152/62/174
f 1154/64/42 1148/58/11 1153/63/130
f 1155/65/43 1148/58/11 1154/64/42
f 1156/66/164 1148/58/11 1155/65/43
f 1157/67/176 1148/58/11 1156/66/164
f 1158/68/177 1148/58/11 1157/67/176
f 1159/69/47 1148/58/11 1158/68/177
f 1160/70/131 1148/58/11 1159/69/47
f 1161/71/49 1148/58/11 1160/70/131
f 1162/72/50 1148/58/11 1161/71/49
f 1147/57/36 1148/58/11 1162/72/50
f 1164/74/166 1163/93/51 1147/57/36
f 1147/57/36 1162/72/50 1164/74/166
f 1165/94/53 1164/74/166 1162/72/50
f 1162/72/50 1161/71/49 1165/94/53
f 1166/76/179 1165/94/53 1161/71/49
f 1161/71/49 1160/70/131 1166/76/179
f 1167/77/55 1166/76/179 1160/70/131
f 1160/70/131 1159/69/47 1167/77/55
f 1168/78/56 1167/77/55 1159/69/47
f 1159/69/47 1158/68/177 1168/78/56
f 1169/79/136 1168/78/56 1158/68/177
f 1158/68/177 1157/67/176 1169/79/136
f 1170/80/168 1169/79/136 1157/67/176
f 1157/67/176 1156/66/164 1170/80/168
f 1171/81/138 1170/80/168 1156/66/164
f 1156/66/164 1155/65/43 1171/81/138
f 1172/95/182 1171/81/138 1155/65/43
f 1155/65/43 1154/64/42 1172/95/182
f 1173/83/183 1172/95/182 1154/64/42
f 1154/64/42 1153/63/130 1173/83/183
f 1174/84/141 1173/83/183 1153/63/130
f 1153/63/130 1152/62/174 1174/84/141
f 1175/85/63 1174/84/141 1152/62/174
f 1152/62/174 1151/61/173 1175/85/63
f 1176/86/197 1175/85/63 1151/61/173
f 1151/61/173 1150/60/129 1176/86/197
f 1177/87/198 1176/86/197 1150/60/129
f 1150/60/129 1149/59/172 1177/87/198
f 1163/93/51 1177/87/198 1149/59/172
f 1149/59/172 1147/57/36 1163/93/51
f 1180/152/7 1179/151/7 1178/150/7
f 1178/150/7 1181/153/7 1180/152/7
f 1184/156/199 1183/155/199 1182/154/199
f 1182/154/199 1185/157/199 1184/156/199
f 1188/159/11 1187/156/11 1186/158/11
f 1186/158/11 1189/160/11 1188/159/11
f 1192/163/1 1191/162/1 1190/161/1
f 1190/161/1 1193/164/1 1192/163/1
f 1196/167/12 1195/166/12 1194/165/12
f 1194/165/12 1197/168/12 1196/167/12
f 1200/156/14 1199/159/14 1198/169/14
f 1198/169/14 1201/155/14 1200/156/14
f 1183/155/199 1203/171/199 1202/170/199
f 1202/170/199 1182/154/199 1183/155/199
f 1195/166/12 1205/173/12 1204/172/12
f 1204/172/12 1194/165/12 1195/166/12
f 1208/175/1 1207/174/1 1206/165/1
f 1206/165/1 1209/172/1 1208/175/1
f 1210/171/14 1201/155/14 1198/169/14
f 1198/169/14 1211/176/14 1210/171/14
f 1203/171/199 1213/152/199 1212/177/199
f 1212/177/199 1202/170/199 1203/171/199
f 1215/179/12 1214/178/12 1204/172/12
f 1204/172/12 1205/173/12 1215/179/12
f 1218/182/1 1217/181/1 1216/180/1
f 1216/180/1 1219/183/1 1218/182/1
f 1220/152/14 1210/171/14 1211/176/14
f 1211/176/14 1221/151/14 1220/152/14
f 1224/186/11 1223/185/11 1222/184/11
f 1222/184/11 1225/187/11 1224/186/11
f 1228/190/12 1227/189/12 1226/188/12
f 1226/188/12 1229/191/12 1228/190/12
f 1232/194/12 1231/193/12 1230/192/12
f 1230/192/12 1233/195/12 1232/194/12
f 1236/198/7 1235/197/7 1234/196/7
f 1234/196/7 1237/199/7 1236/198/7
f 1223/185/11 1239/201/11 1238/200/11
f 1238/200/11 1222/184/11 1223/185/11
f 1227/189/12 1241/203/12 1240/202/12
f 1240/202/12 1226/188/12 1227/189/12
f 1244/206/7 1243/205/7 1242/204/7
f 1242/204/7 1245/207/7 1244/206/7
f 1248/207/202 1247/204/201 1246/201/200
f 1246/201/200 1249/185/203 1248/207/202
f 1231/193/12 1251/209/12 1250/208/12
f 1250/208/12 1230/192/12 1231/193/12
f 1235/197/7 1253/211/7 1252/210/7
f 1252/210/7 1234/196/7 1235/197/7
f 1256/196/206 1255/210/205 1254/212/204
f 1254/212/204 1257/213/207 1256/196/206
f 1260/213/11 1259/212/11 1258/214/11
f 1258/214/11 1261/215/11 1260/213/11
f 1264/163/14 1263/216/209 1262/186/208
f 1262/186/208 1265/162/14 1264/163/14
f 1268/218/7 1267/191/7 1266/217/7
f 1266/217/7 1269/219/7 1268/218/7
f 1270/220/12 1228/190/12 1229/191/12
f 1229/191/12 1271/218/12 1270/220/12
f 1272/162/11 1224/186/11 1225/187/11
f 1225/187/11 1273/221/11 1272/162/11
f 1276/223/11 1275/222/11 1274/194/11
f 1274/194/11 1277/224/11 1276/223/11
f 1280/182/14 1279/199/211 1278/225/210
f 1278/225/210 1281/181/14 1280/182/14
f 1282/226/7 1236/198/7 1237/199/7
f 1237/199/7 1283/182/7 1282/226/7
f 1284/224/12 1232/194/12 1233/195/12
f 1233/195/12 1285/227/12 1284/224/12
f 1288/230/7 1287/229/7 1286/228/7
f 1286/228/7 1289/231/7 1288/230/7
f 1292/234/199 1291/233/199 1290/232/199
f 1290/232/199 1293/235/199 1292/234/199
f 1296/237/11 1295/234/11 1294/236/11
f 1294/236/11 1297/238/11 1296/237/11
f 1300/241/1 1299/240/1 1298/239/1
f 1298/239/1 1301/242/1 1300/241/1
f 1304/245/12 1303/244/12 1302/243/12
f 1302/243/12 1305/246/12 1304/245/12
f 1308/234/14 1307/237/14 1306/247/14
f 1306/247/14 1309/233/14 1308/234/14
f 1291/233/199 1311/249/199 1310/248/199
f 1310/248/199 1290/232/199 1291/233/199
f 1303/244/12 1313/251/12 1312/250/12
f 1312/250/12 1302/243/12 1303/244/12
f 1316/253/1 1315/252/1 1314/243/1
f 1314/243/1 1317/250/1 1316/253/1
f 1318/249/14 1309/233/14 1306/247/14
f 1306/247/14 1319/254/14 1318/249/14
f 1311/249/199 1321/230/199 1320/255/199
f 1320/255/199 1310/248/199 1311/249/199
f 1323/257/12 1322/256/12 1312/250/12
f 1312/250/12 1313/251/12 1323/257/12
f 1326/260/1 1325/259/1 1324/258/1
f 1324/258/1 1327/261/1 1326/260/1
f 1328/230/14 1318/249/14 1319/254/14
f 1319/254/14 1329/229/14 1328/230/14
f 1332/264/11 1331/263/11 1330/262/11
f 1330/262/11 1333/265/11 1332/264/11
f 1336/268/7 1335/267/7 1334/266/7
f 1334/266/7 1337/269/7 1336/268/7
f 1340/269/14 1339/266/14 1338/263/14
f 1338/263/14 1341/264/14 1340/269/14
f 1344/272/11 1343/271/11 1342/270/11
f 1342/270/11 1345/273/11 1344/272/11
f 1348/276/7 1347/275/7 1346/274/7
f 1346/274/7 1349/277/7 1348/276/7
f 1352/277/14 1351/274/14 1350/271/14
f 1350/271/14 1353/272/14 1352/277/14
f 1331/263/11 1355/279/11 1354/278/11
f 1354/278/11 1330/262/11 1331/263/11
f 1358/282/214 1357/281/213 1356/280/212
f 1356/280/212 1359/283/215 1358/282/214
f 1335/267/7 1361/285/7 1360/284/7
f 1360/284/7 1334/266/7 1335/267/7
f 1339/266/14 1363/284/14 1362/279/14
f 1362/279/14 1338/263/14 1339/266/14
f 1366/288/218 1365/287/217 1364/286/216
f 1364/286/216 1367/289/219 1366/288/218
f 1347/275/7 1369/291/7 1368/290/7
f 1368/290/7 1346/274/7 1347/275/7
f 1351/274/14 1371/290/14 1370/292/14
f 1370/292/14 1350/271/14 1351/274/14
f 1343/271/11 1373/292/11 1372/293/11
f 1372/293/11 1342/270/11 1343/271/11
f 1374/241/14 1340/269/14 1341/264/14
f 1341/264/14 1375/240/14 1374/241/14
f 1376/294/7 1336/268/7 1337/269/7
f 1337/269/7 1377/241/7 1376/294/7
f 1380/297/12 1379/296/221 1378/295/220
f 1378/295/220 1381/298/12 1380/297/12
f 1382/240/11 1332/264/11 1333/265/11
f 1333/265/11 1383/299/11 1382/240/11
f 1384/259/11 1344/272/11 1345/273/11
f 1345/273/11 1385/300/11 1384/259/11
f 1386/260/14 1352/277/14 1353/272/14
f 1353/272/14 1387/259/14 1386/260/14
f 1388/301/7 1348/276/7 1349/277/7
f 1349/277/7 1389/260/7 1388/301/7
f 1392/304/12 1391/303/223 1390/302/222
f 1390/302/222 1393/305/12 1392/304/12
f 1396/308/199 1395/307/199 1394/306/199
f 1394/306/199 1397/309/199 1396/308/199
f 1400/311/11 1399/310/11 1398/307/11
f 1398/307/11 1401/308/11 1400/311/11
f 1404/313/1 1403/312/1 1402/310/1
f 1402/310/1 1405/311/1 1404/313/1
f 1408/315/7 1407/314/7 1406/312/7
f 1406/312/7 1409/313/7 1408/315/7
f 1412/318/199 1411/317/199 1410/316/199
f 1410/316/199 1413/319/199 1412/318/199
f 1416/321/11 1415/320/11 1414/317/11
f 1414/317/11 1417/318/11 1416/321/11
f 1420/323/1 1419/322/1 1418/320/1
f 1418/320/1 1421/321/1 1420/323/1
f 1424/325/7 1423/324/7 1422/322/7
f 1422/322/7 1425/323/7 1424/325/7
f 1428/193/199 1427/188/199 1426/326/199
f 1426/326/199 1429/327/199 1428/193/199
f 1257/213/207 1248/207/202 1263/216/209
f 1263/216/209 1278/225/210 1257/213/207
f 1432/225/1 1431/216/1 1430/328/1
f 1430/328/1 1433/329/1 1432/225/1
f 1232/194/12 1229/191/12 1226/188/12
f 1226/188/12 1231/193/12 1232/194/12
f 1239/201/11 1435/331/11 1434/330/11
f 1434/330/11 1238/200/11 1239/201/11
f 1241/203/12 1437/333/12 1436/332/12
f 1436/332/12 1240/202/12 1241/203/12
f 1243/205/7 1439/335/7 1438/334/7
f 1438/334/7 1242/204/7 1243/205/7
f 1251/209/12 1441/337/12 1440/336/12
f 1440/336/12 1250/208/12 1251/209/12
f 1253/211/7 1443/339/7 1442/338/7
f 1442/338/7 1252/210/7 1253/211/7
f 1259/212/11 1445/341/11 1444/340/11
f 1444/340/11 1258/214/11 1259/212/11
f 1355/279/11 1447/343/11 1446/342/11
f 1446/342/11 1354/278/11 1355/279/11
f 1361/285/7 1449/345/7 1448/344/7
f 1448/344/7 1360/284/7 1361/285/7
f 1363/284/14 1451/344/14 1450/343/14
f 1450/343/14 1362/279/14 1363/284/14
f 1369/291/7 1453/347/7 1452/346/7
f 1452/346/7 1368/290/7 1369/291/7
f 1371/290/14 1455/346/14 1454/348/14
f 1454/348/14 1370/292/14 1371/290/14
f 1373/292/11 1457/348/11 1456/349/11
f 1456/349/11 1372/293/11 1373/292/11
f 1435/331/11 1188/159/11 1189/160/11
f 1189/160/11 1434/330/11 1435/331/11
f 1437/333/12 1197/168/12 1194/165/12
f 1194/165/12 1436/332/12 1437/333/12
f 1439/335/7 1459/350/7 1458/169/7
f 1458/169/7 1438/334/7 1439/335/7
f 1460/334/224 1198/169/14 1199/159/14
f 1199/159/14 1461/331/225 1460/334/224
f 1441/337/12 1204/172/12 1214/178/12
f 1214/178/12 1440/336/12 1441/337/12
f 1443/339/7 1178/150/7 1179/151/7
f 1179/151/7 1442/338/7 1443/339/7
f 1462/338/226 1221/151/14 1211/176/14
f 1211/176/14 1463/341/227 1462/338/226
f 1445/341/11 1465/176/11 1464/351/11
f 1464/351/11 1444/340/11 1445/341/11
f 1447/343/11 1296/237/11 1297/238/11
f 1297/238/11 1446/342/11 1447/343/11
f 1466/352/228 1305/246/12 1302/243/12
f 1302/243/12 1467/353/229 1466/352/228
f 1449/345/7 1469/354/7 1468/247/7
f 1468/247/7 1448/344/7 1449/345/7
f 1451/344/14 1306/247/14 1307/237/14
f 1307/237/14 1450/343/14 1451/344/14
f 1470/355/230 1312/250/12 1322/256/12
f 1322/256/12 1471/356/231 1470/355/230
f 1453/347/7 1286/228/7 1287/229/7
f 1287/229/7 1452/346/7 1453/347/7
f 1455/346/14 1329/229/14 1319/254/14
f 1319/254/14 1454/348/14 1455/346/14
f 1457/348/11 1473/254/11 1472/357/11
f 1472/357/11 1456/349/11 1457/348/11
f 1476/360/199 1475/359/199 1474/358/199
f 1474/358/199 1477/361/199 1476/360/199
f 1480/362/11 1479/360/11 1478/361/11
f 1478/361/11 1481/363/11 1480/362/11
f 1484/364/1 1483/362/1 1482/363/1
f 1482/363/1 1485/365/1 1484/364/1
f 1488/366/7 1487/364/7 1486/365/7
f 1486/365/7 1489/367/7 1488/366/7
f 1492/370/199 1491/369/199 1490/368/199
f 1490/368/199 1493/371/199 1492/370/199
f 1496/372/11 1495/370/11 1494/371/11
f 1494/371/11 1497/373/11 1496/372/11
f 1500/374/1 1499/372/1 1498/373/1
f 1498/373/1 1501/375/1 1500/374/1
f 1504/369/7 1503/377/7 1502/376/7
f 1502/376/7 1505/368/7 1504/369/7
f 1378/295/220 1507/379/233 1506/378/232
f 1506/378/232 1359/283/215 1378/295/220
f 1379/296/221 1508/380/234 1507/379/233
f 1507/379/233 1378/295/220 1379/296/221
f 1358/282/214 1509/381/235 1508/380/234
f 1508/380/234 1379/296/221 1358/282/214
f 1359/283/215 1506/378/232 1509/381/235
f 1509/381/235 1358/282/214 1359/283/215
f 1390/302/222 1511/383/237 1510/382/236
f 1510/382/236 1367/289/219 1390/302/222
f 1391/303/223 1512/384/238 1511/383/237
f 1511/383/237 1390/302/222 1391/303/223
f 1366/288/218 1513/385/239 1512/384/238
f 1512/384/238 1391/303/223 1366/288/218
f 1367/289/219 1510/382/236 1513/385/239
f 1513/385/239 1366/288/218 1367/289/219
f 1356/280/212 1515/387/241 1514/386/240
f 1514/386/240 1467/353/229 1356/280/212
f 1357/281/213 1516/388/242 1515/387/241
f 1515/387/241 1356/280/212 1357/281/213
f 1466/352/228 1517/389/243 1516/388/242
f 1516/388/242 1357/281/213 1466/352/228
f 1467/353/229 1514/386/240 1517/389/243
f 1517/389/243 1466/352/228 1467/353/229
f 1364/286/216 1519/391/245 1518/390/244
f 1518/390/244 1471/356/231 1364/286/216
f 1365/287/217 1520/392/246 1519/391/245
f 1519/391/245 1364/286/216 1365/287/217
f 1470/355/230 1521/393/247 1520/392/246
f 1520/392/246 1365/287/217 1470/355/230
f 1471/356/231 1518/390/244 1521/393/247
f 1521/393/247 1470/355/230 1471/356/231
f 1522/394/248 1248/207/202 1249/185/203
f 1249/185/203 1523/395/249 1522/394/248
f 1523/395/249 1249/185/203 1262/186/208
f 1262/186/208 1524/396/250 1523/395/249
f 1524/396/250 1262/186/208 1263/216/209
f 1263/216/209 1525/397/251 1524/396/250
f 1525/397/251 1263/216/209 1248/207/202
f 1248/207/202 1522/394/248 1525/397/251
f 1526/398/252 1256/196/206 1257/213/207
f 1257/213/207 1527/399/253 1526/398/252
f 1527/399/253 1257/213/207 1278/225/210
f 1278/225/210 1528/400/254 1527/399/253
f 1528/400/254 1278/225/210 1279/199/211
f 1279/199/211 1529/401/255 1528/400/254
f 1529/401/255 1279/199/211 1256/196/206
f 1256/196/206 1526/398/252 1529/401/255
f 1530/402/256 1460/334/224 1461/331/225
f 1461/331/225 1531/403/257 1530/402/256
f 1531/403/257 1461/331/225 1246/201/200
f 1246/201/200 1532/404/258 1531/403/257
f 1532/404/258 1246/201/200 1247/204/201
f 1247/204/201 1533/405/259 1532/404/258
f 1533/405/259 1247/204/201 1460/334/224
f 1460/334/224 1530/402/256 1533/405/259
f 1534/406/260 1462/338/226 1463/341/227
f 1463/341/227 1535/407/261 1534/406/260
f 1535/407/261 1463/341/227 1254/212/204
f 1254/212/204 1536/408/262 1535/407/261
f 1536/408/262 1254/212/204 1255/210/205
f 1255/210/205 1537/409/263 1536/408/262
f 1537/409/263 1255/210/205 1462/338/226
f 1462/338/226 1534/406/260 1537/409/263
f 1540/25/67 1539/26/67 1538/27/66
f 1538/27/66 1541/28/66 1540/25/67
f 1541/28/66 1538/27/66 1542/29/68
f 1542/29/68 1543/30/68 1541/28/66
f 1543/30/68 1542/29/68 1544/31/69
f 1544/31/69 1545/32/69 1543/30/68
f 1545/32/69 1544/31/69 1546/33/187
f 1546/33/187 1547/34/187 1545/32/69
f 1547/34/187 1546/33/187 1548/35/112
f 1548/35/112 1549/36/112 1547/34/187
f 1549/36/112 1548/35/112 1550/37/188
f 1550/37/188 1551/38/188 1549/36/112
f 1551/38/188 1550/37/188 1552/39/189
f 1552/39/189 1553/40/189 1551/38/188
f 1553/40/189 1552/39/189 1554/41/113
f 1554/41/113 1555/42/113 1553/40/189
f 1555/42/113 1554/41/113 1556/43/190
f 1556/43/190 1557/44/190 1555/42/113
f 1557/44/190 1556/43/190 1558/45/114
f 1558/45/114 1559/46/114 1557/44/190
f 1559/46/114 1558/45/114 1560/47/77
f 1560/47/77 1561/48/77 1559/46/114
f 1561/48/77 1560/47/77 1562/49/78
f 1562/49/78 1563/50/78 1561/48/77
f 1563/50/78 1562/49/78 1564/51/79
f 1564/51/79 1565/52/79 1563/50/78
f 1565/52/79 1564/51/79 1566/53/12
f 1566/53/12 1567/54/12 1565/52/79
f 1567/54/12 1566/53/12 1568/55/67
f 1568/55/67 1569/56/67 1567/54/12
f 1572/59/116 1571/57/80 1570/58/7
f 1573/60/82 1572/59/116 1570/58/7
f 1574/61/83 1573/60/82 1570/58/7
f 1575/62/84 1574/61/83 1570/58/7
f 1576/63/195 1575/62/84 1570/58/7
f 1577/64/86 1576/63/195 1570/58/7
f 1578/65/87 1577/64/86 1570/58/7
f 1579/66/88 1578/65/87 1570/58/7
f 1580/67/89 1579/66/88 1570/58/7
f 1581/68/90 1580/67/89 1570/58/7
f 1582/69/91 1581/68/90 1570/58/7
f 1583/70/118 1582/69/91 1570/58/7
f 1584/71/93 1583/70/118 1570/58/7
f 1585/72/94 1584/71/93 1570/58/7
f 1571/57/80 1585/72/94 1570/58/7
f 1571/57/80 1587/73/96 1586/74/95
f 1586/74/95 1585/72/94 1571/57/80
f 1585/72/94 1586/74/95 1588/75/97
f 1588/75/97 1584/71/93 1585/72/94
f 1584/71/93 1588/75/97 1589/76/98
f 1589/76/98 1583/70/118 1584/71/93
f 1583/70/118 1589/76/98 1590/77/99
f 1590/77/99 1582/69/91 1583/70/118
f 1582/69/91 1590/77/99 1591/78/100
f 1591/78/100 1581/68/90 1582/69/91
f 1581/68/90 1591/78/100 1592/79/101
f 1592/79/101 1580/67/89 1581/68/90
f 1580/67/89 1592/79/101 1593/80/121
f 1593/80/121 1579/66/88 1580/67/89
f 1579/66/88 1593/80/121 1594/81/103
f 1594/81/103 1578/65/87 1579/66/88
f 1578/65/87 1594/81/103 1595/82/104
f 1595/82/104 1577/64/86 1578/65/87
f 1577/64/86 1595/82/104 1596/83/105
f 1596/83/105 1576/63/195 1577/64/86
f 1576/63/195 1596/83/105 1597/84/106
f 1597/84/106 1575/62/84 1576/63/195
f 1575/62/84 1597/84/106 1598/85/107
f 1598/85/107 1574/61/83 1575/62/84
f 1574/61/83 1598/85/107 1599/86/108
f 1599/86/108 1573/60/82 1574/61/83
f 1573/60/82 1599/86/108 1600/87/109
f 1600/87/109 1572/59/116 1573/60/82
f 1572/59/116 1600/87/109 1587/73/96
f 1587/73/96 1571/57/80 1572/59/116

